** Drc report for panel.kicad_pcb **
** Created on 2026-09-12T20:17:28 **
** Report includes: Errors **

** Found 0 DRC violations **

** Found 499 unconnected pads **
[unconnected_items]: Missing connection between items
    Local override; error
    @(58.4250 mm, 77.8625 mm): Pad 1 [A_+2V5] of U101 on F.Cu
    @(59.0750 mm, 77.8625 mm): Pad 2 [A_+2V5] of U101 on F.Cu
[unconnected_items]: Missing connection between items
    Local override; error
    @(60.3900 mm, 122.7200 mm): Pad 1 [A_+2V5] of C111 on F.Cu
    @(75.9300 mm, 122.7200 mm): Pad 1 [A_+2V5] of C118 on F.Cu
[unconnected_items]: Missing connection between items
    Local override; error
    @(65.1375 mm, 81.5500 mm): Pad 5 [A_+2V5] of U109 on F.Cu
    @(59.0750 mm, 77.8625 mm): Pad 2 [A_+2V5] of U101 on F.Cu
[unconnected_items]: Missing connection between items
    Local override; error
    @(68.7250 mm, 72.1375 mm): Pad 16 [A_+2V5] of U107 on F.Cu
    @(65.1375 mm, 81.5500 mm): Pad 5 [A_+2V5] of U109 on F.Cu
[unconnected_items]: Missing connection between items
    Local override; error
    @(72.0200 mm, 108.3700 mm): Pad 2 [A_+2V5] of R132 on F.Cu
    @(75.9300 mm, 122.7200 mm): Pad 1 [A_+2V5] of C118 on F.Cu
[unconnected_items]: Missing connection between items
    Local override; error
    @(74.5500 mm, 102.5500 mm): Pad 1 [A_+2V5] of TP144 on F.Cu
    @(72.0200 mm, 108.3700 mm): Pad 2 [A_+2V5] of R132 on F.Cu
[unconnected_items]: Missing connection between items
    Local override; error
    @(74.5500 mm, 102.5500 mm): Pad 1 [A_+2V5] of TP144 on F.Cu
    @(65.1375 mm, 81.5500 mm): Pad 5 [A_+2V5] of U109 on F.Cu
[unconnected_items]: Missing connection between items
    Local override; error
    @(75.7250 mm, 72.1375 mm): Pad 16 [A_+2V5] of U108 on F.Cu
    @(68.7250 mm, 72.1375 mm): Pad 16 [A_+2V5] of U107 on F.Cu
[unconnected_items]: Missing connection between items
    Local override; error
    @(75.9300 mm, 122.7200 mm): Pad 1 [A_+2V5] of C118 on F.Cu
    @(80.3700 mm, 122.7200 mm): Pad 1 [A_+2V5] of C120 on F.Cu
[unconnected_items]: Missing connection between items
    Local override; error
    @(80.3700 mm, 122.7200 mm): Pad 1 [A_+2V5] of C120 on F.Cu
    @(84.8100 mm, 122.7200 mm): Pad 1 [A_+2V5] of C123 on F.Cu
[unconnected_items]: Missing connection between items
    Local override; error
    @(41.6300 mm, 124.0400 mm): Pad 1 [A_+3V3] of C124 on F.Cu
    @(44.1250 mm, 115.8650 mm): Pad 4 [A_+3V3] of U102 on F.Cu
[unconnected_items]: Missing connection between items
    Local override; error
    @(41.9500 mm, 105.1800 mm): Pad 1 [A_+3V3] of C121 on F.Cu
    @(44.1250 mm, 112.0550 mm): Pad 1 [A_+3V3] of U102 on F.Cu
[unconnected_items]: Missing connection between items
    Local override; error
    @(44.1250 mm, 112.0550 mm): Pad 1 [A_+3V3] of U102 on F.Cu
    @(44.1250 mm, 115.8650 mm): Pad 4 [A_+3V3] of U102 on F.Cu
[unconnected_items]: Missing connection between items
    Local override; error
    @(54.0250 mm, 115.8650 mm): Pad 4 [A_+3V3] of U103 on F.Cu
    @(44.1250 mm, 115.8650 mm): Pad 4 [A_+3V3] of U102 on F.Cu
[unconnected_items]: Missing connection between items
    Local override; error
    @(59.0750 mm, 72.1375 mm): Pad 23 [A_+3V3] of U101 on F.Cu
    @(58.4250 mm, 72.1375 mm): Pad 24 [A_+3V3] of U101 on F.Cu
[unconnected_items]: Missing connection between items
    Local override; error
    @(59.0750 mm, 72.1375 mm): Pad 23 [A_+3V3] of U101 on F.Cu
    @(62.8625 mm, 81.5500 mm): Pad 1 [A_+3V3] of U109 on F.Cu
[unconnected_items]: Missing connection between items
    Local override; error
    @(61.5250 mm, 115.8650 mm): Pad 4 [A_+3V3] of U104 on F.Cu
    @(54.0250 mm, 115.8650 mm): Pad 4 [A_+3V3] of U103 on F.Cu
[unconnected_items]: Missing connection between items
    Local override; error
    @(61.5250 mm, 115.8650 mm): Pad 4 [A_+3V3] of U104 on F.Cu
    @(60.7200 mm, 108.3700 mm): Pad 2 [A_+3V3] of R127 on F.Cu
[unconnected_items]: Missing connection between items
    Local override; error
    @(62.6100 mm, 122.7200 mm): Pad 1 [A_+3V3] of C112 on F.Cu
    @(64.8300 mm, 122.7200 mm): Pad 1 [A_+3V3] of C113 on F.Cu
[unconnected_items]: Missing connection between items
    Local override; error
    @(62.6100 mm, 122.7200 mm): Pad 1 [A_+3V3] of C112 on F.Cu
    @(58.1700 mm, 122.7200 mm): Pad 1 [A_+3V3] of C110 on F.Cu
[unconnected_items]: Missing connection between items
    Local override; error
    @(62.6100 mm, 122.7200 mm): Pad 1 [A_+3V3] of C112 on F.Cu
    @(61.5250 mm, 115.8650 mm): Pad 4 [A_+3V3] of U104 on F.Cu
[unconnected_items]: Missing connection between items
    Local override; error
    @(62.8625 mm, 83.4500 mm): Pad 3 [A_+3V3] of U109 on F.Cu
    @(62.8625 mm, 81.5500 mm): Pad 1 [A_+3V3] of U109 on F.Cu
[unconnected_items]: Missing connection between items
    Local override; error
    @(64.8300 mm, 122.7200 mm): Pad 1 [A_+3V3] of C113 on F.Cu
    @(67.0500 mm, 122.7200 mm): Pad 1 [A_+3V3] of C114 on F.Cu
[unconnected_items]: Missing connection between items
    Local override; error
    @(67.5000 mm, 108.3700 mm): Pad 2 [A_+3V3] of R130 on F.Cu
    @(60.7200 mm, 108.3700 mm): Pad 2 [A_+3V3] of R127 on F.Cu
[unconnected_items]: Missing connection between items
    Local override; error
    @(67.5000 mm, 108.3700 mm): Pad 2 [A_+3V3] of R130 on F.Cu
    @(71.6500 mm, 102.5500 mm): Pad 1 [A_+3V3] of TP143 on F.Cu
[unconnected_items]: Missing connection between items
    Local override; error
    @(68.6200 mm, 121.3900 mm): Pad 1 [A_+3V3] of R156 on F.Cu
    @(69.2700 mm, 122.7200 mm): Pad 1 [A_+3V3] of C115 on F.Cu
[unconnected_items]: Missing connection between items
    Local override; error
    @(68.6200 mm, 121.3900 mm): Pad 1 [A_+3V3] of R156 on F.Cu
    @(67.0500 mm, 122.7200 mm): Pad 1 [A_+3V3] of C114 on F.Cu
[unconnected_items]: Missing connection between items
    Local override; error
    @(68.7250 mm, 77.8625 mm): Pad 1 [A_+3V3] of U107 on F.Cu
    @(62.8625 mm, 81.5500 mm): Pad 1 [A_+3V3] of U109 on F.Cu
[unconnected_items]: Missing connection between items
    Local override; error
    @(69.3750 mm, 77.8625 mm): Pad 2 [A_+3V3] of U107 on F.Cu
    @(68.7250 mm, 77.8625 mm): Pad 1 [A_+3V3] of U107 on F.Cu
[unconnected_items]: Missing connection between items
    Local override; error
    @(70.0250 mm, 77.8625 mm): Pad 3 [A_+3V3] of U107 on F.Cu
    @(69.3750 mm, 77.8625 mm): Pad 2 [A_+3V3] of U107 on F.Cu
[unconnected_items]: Missing connection between items
    Local override; error
    @(71.4900 mm, 122.7200 mm): Pad 1 [A_+3V3] of C116 on F.Cu
    @(69.2700 mm, 122.7200 mm): Pad 1 [A_+3V3] of C115 on F.Cu
[unconnected_items]: Missing connection between items
    Local override; error
    @(71.6500 mm, 102.5500 mm): Pad 1 [A_+3V3] of TP143 on F.Cu
    @(85.0000 mm, 93.0000 mm): PTH pad 1 [A_+3V3] of J109
[unconnected_items]: Missing connection between items
    Local override; error
    @(73.7100 mm, 122.7200 mm): Pad 1 [A_+3V3] of C117 on F.Cu
    @(71.4900 mm, 122.7200 mm): Pad 1 [A_+3V3] of C116 on F.Cu
[unconnected_items]: Missing connection between items
    Local override; error
    @(73.7100 mm, 122.7200 mm): Pad 1 [A_+3V3] of C117 on F.Cu
    @(75.3625 mm, 116.1750 mm): Pad 13 [A_+3V3] of U106 on F.Cu
[unconnected_items]: Missing connection between items
    Local override; error
    @(75.3625 mm, 116.1750 mm): Pad 13 [A_+3V3] of U106 on F.Cu
    @(75.3625 mm, 114.2250 mm): Pad 16 [A_+3V3] of U106 on F.Cu
[unconnected_items]: Missing connection between items
    Local override; error
    @(75.7250 mm, 77.8625 mm): Pad 1 [A_+3V3] of U108 on F.Cu
    @(70.0250 mm, 77.8625 mm): Pad 3 [A_+3V3] of U107 on F.Cu
[unconnected_items]: Missing connection between items
    Local override; error
    @(76.3750 mm, 77.8625 mm): Pad 2 [A_+3V3] of U108 on F.Cu
    @(75.7250 mm, 77.8625 mm): Pad 1 [A_+3V3] of U108 on F.Cu
[unconnected_items]: Missing connection between items
    Local override; error
    @(77.0250 mm, 77.8625 mm): Pad 3 [A_+3V3] of U108 on F.Cu
    @(76.3750 mm, 77.8625 mm): Pad 2 [A_+3V3] of U108 on F.Cu
[unconnected_items]: Missing connection between items
    Local override; error
    @(77.0250 mm, 77.8625 mm): Pad 3 [A_+3V3] of U108 on F.Cu
    @(77.0250 mm, 72.1375 mm): Pad 14 [A_+3V3] of U108 on F.Cu
[unconnected_items]: Missing connection between items
    Local override; error
    @(77.0250 mm, 77.8625 mm): Pad 3 [A_+3V3] of U108 on F.Cu
    @(85.0000 mm, 77.5400 mm): PTH pad 2 [A_+3V3] of J106
[unconnected_items]: Missing connection between items
    Local override; error
    @(78.1500 mm, 122.7200 mm): Pad 1 [A_+3V3] of C119 on F.Cu
    @(73.7100 mm, 122.7200 mm): Pad 1 [A_+3V3] of C117 on F.Cu
[unconnected_items]: Missing connection between items
    Local override; error
    @(78.1500 mm, 122.7200 mm): Pad 1 [A_+3V3] of C119 on F.Cu
    @(82.5900 mm, 122.7200 mm): Pad 1 [A_+3V3] of C122 on F.Cu
[unconnected_items]: Missing connection between items
    Local override; error
    @(82.5900 mm, 122.7200 mm): Pad 1 [A_+3V3] of C122 on F.Cu
    @(84.2625 mm, 116.1750 mm): Pad 13 [A_+3V3] of U105 on F.Cu
[unconnected_items]: Missing connection between items
    Local override; error
    @(84.2625 mm, 116.1750 mm): Pad 13 [A_+3V3] of U105 on F.Cu
    @(84.2625 mm, 114.2250 mm): Pad 16 [A_+3V3] of U105 on F.Cu
[unconnected_items]: Missing connection between items
    Local override; error
    @(54.2500 mm, 102.5500 mm): Pad 1 [A_AX_5V_PIN] of TP137 on F.Cu
    @(60.8000 mm, 127.8500 mm): Pad 18 [A_AX_5V_PIN] of J104 on F.Cu
[unconnected_items]: Missing connection between items
    Local override; error
    @(67.0450 mm, 81.2000 mm): Pad 2 [A_AX_5V_PIN] of D106 on F.Cu
    @(54.2500 mm, 102.5500 mm): Pad 1 [A_AX_5V_PIN] of TP137 on F.Cu
[unconnected_items]: Missing connection between items
    Local override; error
    @(55.9850 mm, 70.5000 mm): Pad 1 [A_AX_CLK_N] of D104 on F.Cu
    @(58.9750 mm, 112.0550 mm): Pad 16 [A_AX_CLK_N] of U103 on F.Cu
[unconnected_items]: Missing connection between items
    Local override; error
    @(63.2000 mm, 127.8500 mm): Pad 12 [A_AX_CLK_N] of J104 on F.Cu
    @(74.1600 mm, 121.3900 mm): Pad 2 [A_AX_CLK_N] of R158 on F.Cu
[unconnected_items]: Missing connection between items
    Local override; error
    @(69.6375 mm, 114.2250 mm): Pad 1 [A_AX_CLK_N] of U106 on F.Cu
    @(58.9750 mm, 112.0550 mm): Pad 16 [A_AX_CLK_N] of U103 on F.Cu
[unconnected_items]: Missing connection between items
    Local override; error
    @(74.1600 mm, 121.3900 mm): Pad 2 [A_AX_CLK_N] of R158 on F.Cu
    @(69.6375 mm, 114.2250 mm): Pad 1 [A_AX_CLK_N] of U106 on F.Cu
[unconnected_items]: Missing connection between items
    Local override; error
    @(53.7650 mm, 72.5000 mm): Pad 5 [A_AX_CLK_P] of D103 on F.Cu
    @(58.9750 mm, 113.3250 mm): Pad 15 [A_AX_CLK_P] of U103 on F.Cu
[unconnected_items]: Missing connection between items
    Local override; error
    @(63.6000 mm, 127.8500 mm): Pad 11 [A_AX_CLK_P] of J104 on F.Cu
    @(73.1400 mm, 121.3900 mm): Pad 1 [A_AX_CLK_P] of R158 on F.Cu
[unconnected_items]: Missing connection between items
    Local override; error
    @(69.6375 mm, 114.8750 mm): Pad 2 [A_AX_CLK_P] of U106 on F.Cu
    @(58.9750 mm, 113.3250 mm): Pad 15 [A_AX_CLK_P] of U103 on F.Cu
[unconnected_items]: Missing connection between items
    Local override; error
    @(73.1400 mm, 121.3900 mm): Pad 1 [A_AX_CLK_P] of R158 on F.Cu
    @(69.6375 mm, 114.8750 mm): Pad 2 [A_AX_CLK_P] of U106 on F.Cu
[unconnected_items]: Missing connection between items
    Local override; error
    @(55.9850 mm, 72.0000 mm): Pad 4 [A_AX_D0_N] of D104 on F.Cu
    @(58.9750 mm, 115.8650 mm): Pad 13 [A_AX_D0_N] of U103 on F.Cu
[unconnected_items]: Missing connection between items
    Local override; error
    @(69.6375 mm, 116.1750 mm): Pad 4 [A_AX_D0_N] of U106 on F.Cu
    @(58.9750 mm, 115.8650 mm): Pad 13 [A_AX_D0_N] of U103 on F.Cu
[unconnected_items]: Missing connection between items
    Local override; error
    @(69.6375 mm, 116.1750 mm): Pad 4 [A_AX_D0_N] of U106 on F.Cu
    @(64.4000 mm, 127.8500 mm): Pad 9 [A_AX_D0_N] of J104 on F.Cu
[unconnected_items]: Missing connection between items
    Local override; error
    @(76.4200 mm, 121.3900 mm): Pad 2 [A_AX_D0_N] of R159 on F.Cu
    @(69.6375 mm, 116.1750 mm): Pad 4 [A_AX_D0_N] of U106 on F.Cu
[unconnected_items]: Missing connection between items
    Local override; error
    @(55.9850 mm, 71.0000 mm): Pad 2 [A_AX_D0_P] of D104 on F.Cu
    @(58.9750 mm, 114.5950 mm): Pad 14 [A_AX_D0_P] of U103 on F.Cu
[unconnected_items]: Missing connection between items
    Local override; error
    @(64.8000 mm, 127.8500 mm): Pad 8 [A_AX_D0_P] of J104 on F.Cu
    @(75.4000 mm, 121.3900 mm): Pad 1 [A_AX_D0_P] of R159 on F.Cu
[unconnected_items]: Missing connection between items
    Local override; error
    @(69.6375 mm, 115.5250 mm): Pad 3 [A_AX_D0_P] of U106 on F.Cu
    @(58.9750 mm, 114.5950 mm): Pad 14 [A_AX_D0_P] of U103 on F.Cu
[unconnected_items]: Missing connection between items
    Local override; error
    @(75.4000 mm, 121.3900 mm): Pad 1 [A_AX_D0_P] of R159 on F.Cu
    @(69.6375 mm, 115.5250 mm): Pad 3 [A_AX_D0_P] of U106 on F.Cu
[unconnected_items]: Missing connection between items
    Local override; error
    @(65.6000 mm, 127.8500 mm): Pad 6 [A_AX_D1_N] of J104 on F.Cu
    @(69.6375 mm, 116.8250 mm): Pad 5 [A_AX_D1_N] of U106 on F.Cu
[unconnected_items]: Missing connection between items
    Local override; error
    @(66.4750 mm, 112.0550 mm): Pad 16 [A_AX_D1_N] of U104 on F.Cu
    @(58.3250 mm, 80.7000 mm): Pad 1 [A_AX_D1_N] of D105 on F.Cu
[unconnected_items]: Missing connection between items
    Local override; error
    @(69.6375 mm, 116.8250 mm): Pad 5 [A_AX_D1_N] of U106 on F.Cu
    @(66.4750 mm, 112.0550 mm): Pad 16 [A_AX_D1_N] of U104 on F.Cu
[unconnected_items]: Missing connection between items
    Local override; error
    @(78.6800 mm, 121.3900 mm): Pad 2 [A_AX_D1_N] of R160 on F.Cu
    @(69.6375 mm, 116.8250 mm): Pad 5 [A_AX_D1_N] of U106 on F.Cu
[unconnected_items]: Missing connection between items
    Local override; error
    @(66.0000 mm, 127.8500 mm): Pad 5 [A_AX_D1_P] of J104 on F.Cu
    @(69.6375 mm, 117.4750 mm): Pad 6 [A_AX_D1_P] of U106 on F.Cu
[unconnected_items]: Missing connection between items
    Local override; error
    @(66.4750 mm, 113.3250 mm): Pad 15 [A_AX_D1_P] of U104 on F.Cu
    @(55.9850 mm, 72.5000 mm): Pad 5 [A_AX_D1_P] of D104 on F.Cu
[unconnected_items]: Missing connection between items
    Local override; error
    @(69.6375 mm, 117.4750 mm): Pad 6 [A_AX_D1_P] of U106 on F.Cu
    @(66.4750 mm, 113.3250 mm): Pad 15 [A_AX_D1_P] of U104 on F.Cu
[unconnected_items]: Missing connection between items
    Local override; error
    @(77.6600 mm, 121.3900 mm): Pad 1 [A_AX_D1_P] of R160 on F.Cu
    @(69.6375 mm, 117.4750 mm): Pad 6 [A_AX_D1_P] of U106 on F.Cu
[unconnected_items]: Missing connection between items
    Local override; error
    @(58.3250 mm, 82.2000 mm): Pad 4 [A_AX_D2_N] of D105 on F.Cu
    @(66.4750 mm, 115.8650 mm): Pad 13 [A_AX_D2_N] of U104 on F.Cu
[unconnected_items]: Missing connection between items
    Local override; error
    @(66.8000 mm, 127.8500 mm): Pad 3 [A_AX_D2_N] of J104 on F.Cu
    @(69.6375 mm, 118.7750 mm): Pad 8 [A_AX_D2_N] of U106 on F.Cu
[unconnected_items]: Missing connection between items
    Local override; error
    @(69.6375 mm, 118.7750 mm): Pad 8 [A_AX_D2_N] of U106 on F.Cu
    @(66.4750 mm, 115.8650 mm): Pad 13 [A_AX_D2_N] of U104 on F.Cu
[unconnected_items]: Missing connection between items
    Local override; error
    @(80.9400 mm, 121.3900 mm): Pad 2 [A_AX_D2_N] of R161 on F.Cu
    @(69.6375 mm, 118.7750 mm): Pad 8 [A_AX_D2_N] of U106 on F.Cu
[unconnected_items]: Missing connection between items
    Local override; error
    @(66.4750 mm, 114.5950 mm): Pad 14 [A_AX_D2_P] of U104 on F.Cu
    @(58.3250 mm, 81.2000 mm): Pad 2 [A_AX_D2_P] of D105 on F.Cu
[unconnected_items]: Missing connection between items
    Local override; error
    @(67.2000 mm, 127.8500 mm): Pad 2 [A_AX_D2_P] of J104 on F.Cu
    @(69.6375 mm, 118.1250 mm): Pad 7 [A_AX_D2_P] of U106 on F.Cu
[unconnected_items]: Missing connection between items
    Local override; error
    @(69.6375 mm, 118.1250 mm): Pad 7 [A_AX_D2_P] of U106 on F.Cu
    @(66.4750 mm, 114.5950 mm): Pad 14 [A_AX_D2_P] of U104 on F.Cu
[unconnected_items]: Missing connection between items
    Local override; error
    @(79.9200 mm, 121.3900 mm): Pad 1 [A_AX_D2_P] of R161 on F.Cu
    @(69.6375 mm, 118.1250 mm): Pad 7 [A_AX_D2_P] of U106 on F.Cu
[unconnected_items]: Missing connection between items
    Local override; error
    @(60.4000 mm, 127.8500 mm): Pad 19 [A_AX_HPD] of J104 on F.Cu
    @(74.5500 mm, 99.6500 mm): Pad 1 [A_AX_HPD] of TP132 on F.Cu
[unconnected_items]: Missing connection between items
    Local override; error
    @(74.5500 mm, 99.6500 mm): Pad 1 [A_AX_HPD] of TP132 on F.Cu
    @(67.0450 mm, 80.7000 mm): Pad 1 [A_AX_HPD] of D106 on F.Cu
[unconnected_items]: Missing connection between items
    Local override; error
    @(62.0000 mm, 127.8500 mm): Pad 15 [A_AX_SLOW] of J104 on F.Cu
    @(80.3500 mm, 99.6500 mm): Pad 1 [A_AX_SLOW] of TP134 on F.Cu
[unconnected_items]: Missing connection between items
    Local override; error
    @(80.3500 mm, 99.6500 mm): Pad 1 [A_AX_SLOW] of TP134 on F.Cu
    @(58.3250 mm, 82.7000 mm): Pad 5 [A_AX_SLOW] of D105 on F.Cu
[unconnected_items]: Missing connection between items
    Local override; error
    @(74.3400 mm, 105.1800 mm): Pad 2 [A_CLKDIV_MID] of R103 on F.Cu
    @(75.5800 mm, 105.1800 mm): Pad 1 [A_CLKDIV_MID] of R104 on F.Cu
[unconnected_items]: Missing connection between items
    Local override; error
    @(43.5400 mm, 95.8200 mm): PTH pad 19 [A_DB1_3V3] of J101
    @(46.0800 mm, 95.8200 mm): PTH pad 20 [A_DB1_3V3] of J101
[unconnected_items]: Missing connection between items
    Local override; error
    @(43.5400 mm, 95.8200 mm): PTH pad 19 [A_DB1_3V3] of J101
    @(44.3500 mm, 124.0400 mm): Pad 1 [A_DB1_3V3] of C125 on F.Cu
[unconnected_items]: Missing connection between items
    Local override; error
    @(46.0800 mm, 95.8200 mm): PTH pad 20 [A_DB1_3V3] of J101
    @(77.4500 mm, 102.5500 mm): Pad 1 [A_DB1_3V3] of TP145 on F.Cu
[unconnected_items]: Missing connection between items
    Local override; error
    @(77.4500 mm, 102.5500 mm): Pad 1 [A_DB1_3V3] of TP145 on F.Cu
    @(85.0000 mm, 75.0000 mm): PTH pad 1 [A_DB1_3V3] of J106
[unconnected_items]: Missing connection between items
    Local override; error
    @(54.0250 mm, 113.3250 mm): Pad 2 [A_DRVI_AX_CLK] of U103 on F.Cu
    @(67.9800 mm, 107.0300 mm): Pad 2 [A_DRVI_AX_CLK] of R112 on F.Cu
[unconnected_items]: Missing connection between items
    Local override; error
    @(62.9750 mm, 72.1375 mm): Pad 17 [A_DRVI_AX_CLK] of U101 on F.Cu
    @(61.6500 mm, 93.5500 mm): Pad 1 [A_DRVI_AX_CLK] of TP119 on F.Cu
[unconnected_items]: Missing connection between items
    Local override; error
    @(67.9800 mm, 107.0300 mm): Pad 2 [A_DRVI_AX_CLK] of R112 on F.Cu
    @(61.6500 mm, 93.5500 mm): Pad 1 [A_DRVI_AX_CLK] of TP119 on F.Cu
[unconnected_items]: Missing connection between items
    Local override; error
    @(54.0250 mm, 114.5950 mm): Pad 3 [A_DRVI_AX_D0] of U103 on F.Cu
    @(70.2400 mm, 107.0300 mm): Pad 2 [A_DRVI_AX_D0] of R113 on F.Cu
[unconnected_items]: Missing connection between items
    Local override; error
    @(70.2400 mm, 107.0300 mm): Pad 2 [A_DRVI_AX_D0] of R113 on F.Cu
    @(63.6250 mm, 72.1375 mm): Pad 16 [A_DRVI_AX_D0] of U101 on F.Cu
[unconnected_items]: Missing connection between items
    Local override; error
    @(61.5250 mm, 113.3250 mm): Pad 2 [A_DRVI_AX_D1] of U104 on F.Cu
    @(72.5000 mm, 107.0300 mm): Pad 2 [A_DRVI_AX_D1] of R114 on F.Cu
[unconnected_items]: Missing connection between items
    Local override; error
    @(64.2750 mm, 72.1375 mm): Pad 15 [A_DRVI_AX_D1] of U101 on F.Cu
    @(64.5500 mm, 93.5500 mm): Pad 1 [A_DRVI_AX_D1] of TP120 on F.Cu
[unconnected_items]: Missing connection between items
    Local override; error
    @(72.5000 mm, 107.0300 mm): Pad 2 [A_DRVI_AX_D1] of R114 on F.Cu
    @(64.5500 mm, 93.5500 mm): Pad 1 [A_DRVI_AX_D1] of TP120 on F.Cu
[unconnected_items]: Missing connection between items
    Local override; error
    @(61.5250 mm, 114.5950 mm): Pad 3 [A_DRVI_AX_D2] of U104 on F.Cu
    @(74.7600 mm, 107.0300 mm): Pad 2 [A_DRVI_AX_D2] of R115 on F.Cu
[unconnected_items]: Missing connection between items
    Local override; error
    @(74.7600 mm, 107.0300 mm): Pad 2 [A_DRVI_AX_D2] of R115 on F.Cu
    @(64.9250 mm, 72.1375 mm): Pad 14 [A_DRVI_AX_D2] of U101 on F.Cu
[unconnected_items]: Missing connection between items
    Local override; error
    @(44.1250 mm, 113.3250 mm): Pad 2 [A_DRVI_O_CLK] of U102 on F.Cu
    @(58.9400 mm, 107.0300 mm): Pad 2 [A_DRVI_O_CLK] of R108 on F.Cu
[unconnected_items]: Missing connection between items
    Local override; error
    @(58.9400 mm, 107.0300 mm): Pad 2 [A_DRVI_O_CLK] of R108 on F.Cu
    @(58.7500 mm, 93.5500 mm): Pad 1 [A_DRVI_O_CLK] of TP118 on F.Cu
[unconnected_items]: Missing connection between items
    Local override; error
    @(60.3750 mm, 72.1375 mm): Pad 21 [A_DRVI_O_CLK] of U101 on F.Cu
    @(58.7500 mm, 93.5500 mm): Pad 1 [A_DRVI_O_CLK] of TP118 on F.Cu
[unconnected_items]: Missing connection between items
    Local override; error
    @(44.1250 mm, 114.5950 mm): Pad 3 [A_DRVI_O_D0] of U102 on F.Cu
    @(61.2000 mm, 107.0300 mm): Pad 2 [A_DRVI_O_D0] of R109 on F.Cu
[unconnected_items]: Missing connection between items
    Local override; error
    @(61.2000 mm, 107.0300 mm): Pad 2 [A_DRVI_O_D0] of R109 on F.Cu
    @(61.0250 mm, 72.1375 mm): Pad 20 [A_DRVI_O_D0] of U101 on F.Cu
[unconnected_items]: Missing connection between items
    Local override; error
    @(44.1250 mm, 118.4050 mm): Pad 6 [A_DRVI_O_D1] of U102 on F.Cu
    @(63.4600 mm, 107.0300 mm): Pad 2 [A_DRVI_O_D1] of R110 on F.Cu
[unconnected_items]: Missing connection between items
    Local override; error
    @(63.4600 mm, 107.0300 mm): Pad 2 [A_DRVI_O_D1] of R110 on F.Cu
    @(61.6750 mm, 72.1375 mm): Pad 19 [A_DRVI_O_D1] of U101 on F.Cu
[unconnected_items]: Missing connection between items
    Local override; error
    @(44.1250 mm, 119.6750 mm): Pad 7 [A_DRVI_O_D2] of U102 on F.Cu
    @(65.7200 mm, 107.0300 mm): Pad 2 [A_DRVI_O_D2] of R111 on F.Cu
[unconnected_items]: Missing connection between items
    Local override; error
    @(65.7200 mm, 107.0300 mm): Pad 2 [A_DRVI_O_D2] of R111 on F.Cu
    @(62.3250 mm, 72.1375 mm): Pad 18 [A_DRVI_O_D2] of U101 on F.Cu
[unconnected_items]: Missing connection between items
    Local override; error
    @(45.4000 mm, 127.8500 mm): Pad 13 [A_GND] of J103 on F.Cu
    @(46.6000 mm, 127.8500 mm): Pad 10 [A_GND] of J103 on F.Cu
[unconnected_items]: Missing connection between items
    Local override; error
    @(46.6000 mm, 127.8500 mm): Pad 10 [A_GND] of J103 on F.Cu
    @(47.8000 mm, 127.8500 mm): Pad 7 [A_GND] of J103 on F.Cu
[unconnected_items]: Missing connection between items
    Local override; error
    @(47.8000 mm, 127.8500 mm): Pad 7 [A_GND] of J103 on F.Cu
    @(49.0000 mm, 127.8500 mm): Pad 4 [A_GND] of J103 on F.Cu
[unconnected_items]: Missing connection between items
    Local override; error
    @(49.0000 mm, 127.8500 mm): Pad 4 [A_GND] of J103 on F.Cu
    @(40.0000 mm, 69.0000 mm): Zone 'board A top ground fill' [A_GND] on F.Cu, priority 0
[unconnected_items]: Missing connection between items
    Local override; error
    @(62.8000 mm, 127.8500 mm): Pad 13 [A_GND] of J104 on F.Cu
    @(64.0000 mm, 127.8500 mm): Pad 10 [A_GND] of J104 on F.Cu
[unconnected_items]: Missing connection between items
    Local override; error
    @(64.0000 mm, 127.8500 mm): Pad 10 [A_GND] of J104 on F.Cu
    @(65.2000 mm, 127.8500 mm): Pad 7 [A_GND] of J104 on F.Cu
[unconnected_items]: Missing connection between items
    Local override; error
    @(65.2000 mm, 127.8500 mm): Pad 7 [A_GND] of J104 on F.Cu
    @(66.4000 mm, 127.8500 mm): Pad 4 [A_GND] of J104 on F.Cu
[unconnected_items]: Missing connection between items
    Local override; error
    @(66.4000 mm, 127.8500 mm): Pad 4 [A_GND] of J104 on F.Cu
    @(40.0000 mm, 69.0000 mm): Zone 'board A top ground fill' [A_GND] on F.Cu, priority 0
[unconnected_items]: Missing connection between items
    Local override; error
    @(80.2000 mm, 127.8500 mm): Pad 13 [A_GND] of J105 on F.Cu
    @(81.4000 mm, 127.8500 mm): Pad 10 [A_GND] of J105 on F.Cu
[unconnected_items]: Missing connection between items
    Local override; error
    @(81.4000 mm, 127.8500 mm): Pad 10 [A_GND] of J105 on F.Cu
    @(82.6000 mm, 127.8500 mm): Pad 7 [A_GND] of J105 on F.Cu
[unconnected_items]: Missing connection between items
    Local override; error
    @(82.6000 mm, 127.8500 mm): Pad 7 [A_GND] of J105 on F.Cu
    @(83.8000 mm, 127.8500 mm): Pad 4 [A_GND] of J105 on F.Cu
[unconnected_items]: Missing connection between items
    Local override; error
    @(83.8000 mm, 127.8500 mm): Pad 4 [A_GND] of J105 on F.Cu
    @(40.0000 mm, 69.0000 mm): Zone 'board A top ground fill' [A_GND] on F.Cu, priority 0
[unconnected_items]: Missing connection between items
    Local override; error
    @(43.8800 mm, 107.0300 mm): Pad 1 [A_HL2_AX_G1CLK] of R104 on F.Cu
    @(47.1600 mm, 108.3700 mm): Pad 2 [A_HL2_AX_G1CLK] of R121 on F.Cu
[unconnected_items]: Missing connection between items
    Local override; error
    @(47.1600 mm, 108.3700 mm): Pad 2 [A_HL2_AX_G1CLK] of R121 on F.Cu
    @(66.9600 mm, 107.0300 mm): Pad 1 [A_HL2_AX_G1CLK] of R112 on F.Cu
[unconnected_items]: Missing connection between items
    Local override; error
    @(61.9500 mm, 87.7500 mm): Pad 1 [A_HL2_AX_G1CLK] of TP106 on F.Cu
    @(62.3250 mm, 77.8625 mm): Pad 7 [A_HL2_AX_G1CLK] of U101 on F.Cu
[unconnected_items]: Missing connection between items
    Local override; error
    @(61.9500 mm, 87.7500 mm): Pad 1 [A_HL2_AX_G1CLK] of TP106 on F.Cu
    @(66.9600 mm, 107.0300 mm): Pad 1 [A_HL2_AX_G1CLK] of R112 on F.Cu
[unconnected_items]: Missing connection between items
    Local override; error
    @(62.3250 mm, 77.8625 mm): Pad 7 [A_HL2_AX_G1CLK] of U101 on F.Cu
    @(46.0800 mm, 78.0400 mm): PTH pad 6 [A_HL2_AX_G1CLK] of J101
[unconnected_items]: Missing connection between items
    Local override; error
    @(46.1400 mm, 107.0300 mm): Pad 1 [A_HL2_AX_G1DAT] of R105 on F.Cu
    @(49.4200 mm, 108.3700 mm): Pad 2 [A_HL2_AX_G1DAT] of R122 on F.Cu
[unconnected_items]: Missing connection between items
    Local override; error
    @(49.4200 mm, 108.3700 mm): Pad 2 [A_HL2_AX_G1DAT] of R122 on F.Cu
    @(69.2200 mm, 107.0300 mm): Pad 1 [A_HL2_AX_G1DAT] of R113 on F.Cu
[unconnected_items]: Missing connection between items
    Local override; error
    @(62.9750 mm, 77.8625 mm): Pad 8 [A_HL2_AX_G1DAT] of U101 on F.Cu
    @(55.5400 mm, 82.4600 mm): PTH pad 2 [A_HL2_AX_G1DAT] of J102
[unconnected_items]: Missing connection between items
    Local override; error
    @(64.8500 mm, 87.7500 mm): Pad 1 [A_HL2_AX_G1DAT] of TP107 on F.Cu
    @(62.9750 mm, 77.8625 mm): Pad 8 [A_HL2_AX_G1DAT] of U101 on F.Cu
[unconnected_items]: Missing connection between items
    Local override; error
    @(69.2200 mm, 107.0300 mm): Pad 1 [A_HL2_AX_G1DAT] of R113 on F.Cu
    @(64.8500 mm, 87.7500 mm): Pad 1 [A_HL2_AX_G1DAT] of TP107 on F.Cu
[unconnected_items]: Missing connection between items
    Local override; error
    @(51.6800 mm, 108.3700 mm): Pad 2 [A_HL2_AX_G2CLK] of R123 on F.Cu
    @(53.4000 mm, 107.0300 mm): Pad 1 [A_HL2_AX_G2CLK] of R106 on F.Cu
[unconnected_items]: Missing connection between items
    Local override; error
    @(67.7500 mm, 87.7500 mm): Pad 1 [A_HL2_AX_G2CLK] of TP108 on F.Cu
    @(63.6250 mm, 77.8625 mm): Pad 9 [A_HL2_AX_G2CLK] of U101 on F.Cu
[unconnected_items]: Missing connection between items
    Local override; error
    @(69.8200 mm, 105.1800 mm): Pad 2 [A_HL2_AX_G2CLK] of R101 on F.Cu
    @(53.4000 mm, 107.0300 mm): Pad 1 [A_HL2_AX_G2CLK] of R106 on F.Cu
[unconnected_items]: Missing connection between items
    Local override; error
    @(69.8200 mm, 105.1800 mm): Pad 2 [A_HL2_AX_G2CLK] of R101 on F.Cu
    @(67.7500 mm, 87.7500 mm): Pad 1 [A_HL2_AX_G2CLK] of TP108 on F.Cu
[unconnected_items]: Missing connection between items
    Local override; error
    @(71.4800 mm, 107.0300 mm): Pad 1 [A_HL2_AX_G2CLK] of R114 on F.Cu
    @(69.8200 mm, 105.1800 mm): Pad 2 [A_HL2_AX_G2CLK] of R101 on F.Cu
[unconnected_items]: Missing connection between items
    Local override; error
    @(43.5400 mm, 72.9600 mm): PTH pad 1 [A_HL2_AX_G2CLK_HDR] of J101
    @(68.8000 mm, 105.1800 mm): Pad 1 [A_HL2_AX_G2CLK_HDR] of R101 on F.Cu
[unconnected_items]: Missing connection between items
    Local override; error
    @(53.9400 mm, 108.3700 mm): Pad 2 [A_HL2_AX_G2DAT] of R124 on F.Cu
    @(55.6600 mm, 107.0300 mm): Pad 1 [A_HL2_AX_G2DAT] of R107 on F.Cu
[unconnected_items]: Missing connection between items
    Local override; error
    @(64.2750 mm, 77.8625 mm): Pad 10 [A_HL2_AX_G2DAT] of U101 on F.Cu
    @(46.0800 mm, 75.5000 mm): PTH pad 4 [A_HL2_AX_G2DAT] of J101
[unconnected_items]: Missing connection between items
    Local override; error
    @(70.6500 mm, 87.7500 mm): Pad 1 [A_HL2_AX_G2DAT] of TP109 on F.Cu
    @(64.2750 mm, 77.8625 mm): Pad 10 [A_HL2_AX_G2DAT] of U101 on F.Cu
[unconnected_items]: Missing connection between items
    Local override; error
    @(73.7400 mm, 107.0300 mm): Pad 1 [A_HL2_AX_G2DAT] of R115 on F.Cu
    @(55.6600 mm, 107.0300 mm): Pad 1 [A_HL2_AX_G2DAT] of R107 on F.Cu
[unconnected_items]: Missing connection between items
    Local override; error
    @(73.7400 mm, 107.0300 mm): Pad 1 [A_HL2_AX_G2DAT] of R115 on F.Cu
    @(70.6500 mm, 87.7500 mm): Pad 1 [A_HL2_AX_G2DAT] of TP109 on F.Cu
[unconnected_items]: Missing connection between items
    Local override; error
    @(57.9200 mm, 107.0300 mm): Pad 1 [A_HL2_CLK] of R108 on F.Cu
    @(72.0800 mm, 105.1800 mm): Pad 2 [A_HL2_CLK] of R102 on F.Cu
[unconnected_items]: Missing connection between items
    Local override; error
    @(67.9500 mm, 84.8500 mm): Pad 1 [A_HL2_CLK] of TP102 on F.Cu
    @(59.7250 mm, 77.8625 mm): Pad 3 [A_HL2_CLK] of U101 on F.Cu
[unconnected_items]: Missing connection between items
    Local override; error
    @(72.0800 mm, 105.1800 mm): Pad 2 [A_HL2_CLK] of R102 on F.Cu
    @(67.9500 mm, 84.8500 mm): Pad 1 [A_HL2_CLK] of TP102 on F.Cu
[unconnected_items]: Missing connection between items
    Local override; error
    @(73.3200 mm, 105.1800 mm): Pad 1 [A_HL2_CLK] of R103 on F.Cu
    @(72.0800 mm, 105.1800 mm): Pad 2 [A_HL2_CLK] of R102 on F.Cu
[unconnected_items]: Missing connection between items
    Local override; error
    @(59.0500 mm, 84.8500 mm): Pad 1 [A_HL2_CLK_RAW] of TP101 on F.Cu
    @(43.5400 mm, 83.1200 mm): PTH pad 9 [A_HL2_CLK_RAW] of J101
[unconnected_items]: Missing connection between items
    Local override; error
    @(71.0600 mm, 105.1800 mm): Pad 1 [A_HL2_CLK_RAW] of R102 on F.Cu
    @(59.0500 mm, 84.8500 mm): Pad 1 [A_HL2_CLK_RAW] of TP101 on F.Cu
[unconnected_items]: Missing connection between items
    Local override; error
    @(55.5400 mm, 87.5400 mm): PTH pad 6 [A_HL2_INCLK] of J102
    @(42.6400 mm, 108.3700 mm): Pad 2 [A_HL2_INCLK] of R119 on F.Cu
[unconnected_items]: Missing connection between items
    Local override; error
    @(70.6500 mm, 90.6500 mm): Pad 1 [A_HL2_INCLK] of TP114 on F.Cu
    @(55.5400 mm, 87.5400 mm): PTH pad 6 [A_HL2_INCLK] of J102
[unconnected_items]: Missing connection between items
    Local override; error
    @(61.9500 mm, 90.6500 mm): Pad 1 [A_HL2_I_D0] of TP111 on F.Cu
    @(43.5400 mm, 85.6600 mm): PTH pad 11 [A_HL2_I_D0] of J101
[unconnected_items]: Missing connection between items
    Local override; error
    @(77.0200 mm, 107.0300 mm): Pad 2 [A_HL2_I_D0] of R116 on F.Cu
    @(61.9500 mm, 90.6500 mm): Pad 1 [A_HL2_I_D0] of TP111 on F.Cu
[unconnected_items]: Missing connection between items
    Local override; error
    @(64.8500 mm, 90.6500 mm): Pad 1 [A_HL2_I_D1] of TP112 on F.Cu
    @(43.5400 mm, 90.7400 mm): PTH pad 15 [A_HL2_I_D1] of J101
[unconnected_items]: Missing connection between items
    Local override; error
    @(79.2800 mm, 107.0300 mm): Pad 2 [A_HL2_I_D1] of R117 on F.Cu
    @(64.8500 mm, 90.6500 mm): Pad 1 [A_HL2_I_D1] of TP112 on F.Cu
[unconnected_items]: Missing connection between items
    Local override; error
    @(67.7500 mm, 90.6500 mm): Pad 1 [A_HL2_I_D2] of TP113 on F.Cu
    @(43.5400 mm, 93.2800 mm): PTH pad 17 [A_HL2_I_D2] of J101
[unconnected_items]: Missing connection between items
    Local override; error
    @(81.5400 mm, 107.0300 mm): Pad 2 [A_HL2_I_D2] of R118 on F.Cu
    @(67.7500 mm, 90.6500 mm): Pad 1 [A_HL2_I_D2] of TP113 on F.Cu
[unconnected_items]: Missing connection between items
    Local override; error
    @(60.1800 mm, 107.0300 mm): Pad 1 [A_HL2_O_D0] of R109 on F.Cu
    @(77.8400 mm, 105.1800 mm): Pad 1 [A_HL2_O_D0] of R101 on F.Cu
[unconnected_items]: Missing connection between items
    Local override; error
    @(60.3750 mm, 77.8625 mm): Pad 4 [A_HL2_O_D0] of U101 on F.Cu
    @(46.0800 mm, 72.9600 mm): PTH pad 2 [A_HL2_O_D0] of J101
[unconnected_items]: Missing connection between items
    Local override; error
    @(70.8500 mm, 84.8500 mm): Pad 1 [A_HL2_O_D0] of TP103 on F.Cu
    @(60.3750 mm, 77.8625 mm): Pad 4 [A_HL2_O_D0] of U101 on F.Cu
[unconnected_items]: Missing connection between items
    Local override; error
    @(77.8400 mm, 105.1800 mm): Pad 1 [A_HL2_O_D0] of R101 on F.Cu
    @(70.8500 mm, 84.8500 mm): Pad 1 [A_HL2_O_D0] of TP103 on F.Cu
[unconnected_items]: Missing connection between items
    Local override; error
    @(61.0250 mm, 77.8625 mm): Pad 5 [A_HL2_O_D1] of U101 on F.Cu
    @(43.5400 mm, 75.5000 mm): PTH pad 3 [A_HL2_O_D1] of J101
[unconnected_items]: Missing connection between items
    Local override; error
    @(62.4400 mm, 107.0300 mm): Pad 1 [A_HL2_O_D1] of R110 on F.Cu
    @(80.1000 mm, 105.1800 mm): Pad 1 [A_HL2_O_D1] of R102 on F.Cu
[unconnected_items]: Missing connection between items
    Local override; error
    @(73.7500 mm, 84.8500 mm): Pad 1 [A_HL2_O_D1] of TP104 on F.Cu
    @(61.0250 mm, 77.8625 mm): Pad 5 [A_HL2_O_D1] of U101 on F.Cu
[unconnected_items]: Missing connection between items
    Local override; error
    @(80.1000 mm, 105.1800 mm): Pad 1 [A_HL2_O_D1] of R102 on F.Cu
    @(73.7500 mm, 84.8500 mm): Pad 1 [A_HL2_O_D1] of TP104 on F.Cu
[unconnected_items]: Missing connection between items
    Local override; error
    @(41.6200 mm, 107.0300 mm): Pad 1 [A_HL2_O_D2] of R103 on F.Cu
    @(64.7000 mm, 107.0300 mm): Pad 1 [A_HL2_O_D2] of R111 on F.Cu
[unconnected_items]: Missing connection between items
    Local override; error
    @(59.0500 mm, 87.7500 mm): Pad 1 [A_HL2_O_D2] of TP105 on F.Cu
    @(61.6750 mm, 77.8625 mm): Pad 6 [A_HL2_O_D2] of U101 on F.Cu
[unconnected_items]: Missing connection between items
    Local override; error
    @(61.6750 mm, 77.8625 mm): Pad 6 [A_HL2_O_D2] of U101 on F.Cu
    @(43.5400 mm, 78.0400 mm): PTH pad 5 [A_HL2_O_D2] of J101
[unconnected_items]: Missing connection between items
    Local override; error
    @(64.7000 mm, 107.0300 mm): Pad 1 [A_HL2_O_D2] of R111 on F.Cu
    @(59.0500 mm, 87.7500 mm): Pad 1 [A_HL2_O_D2] of TP105 on F.Cu
[unconnected_items]: Missing connection between items
    Local override; error
    @(50.0500 mm, 93.5500 mm): Pad 1 [A_HL2_ROLE_IN] of TP115 on F.Cu
    @(44.9000 mm, 108.3700 mm): Pad 2 [A_HL2_ROLE_IN] of R120 on F.Cu
[unconnected_items]: Missing connection between items
    Local override; error
    @(53.0000 mm, 87.5400 mm): PTH pad 5 [A_HL2_ROLE_IN] of J102
    @(50.0500 mm, 93.5500 mm): Pad 1 [A_HL2_ROLE_IN] of TP115 on F.Cu
[unconnected_items]: Missing connection between items
    Local override; error
    @(55.1800 mm, 108.3700 mm): Pad 1 [A_HL2_SLOW_OUT] of R125 on F.Cu
    @(59.0500 mm, 90.6500 mm): Pad 1 [A_HL2_SLOW_OUT] of TP110 on F.Cu
[unconnected_items]: Missing connection between items
    Local override; error
    @(59.0500 mm, 90.6500 mm): Pad 1 [A_HL2_SLOW_OUT] of TP110 on F.Cu
    @(53.0000 mm, 82.4600 mm): PTH pad 1 [A_HL2_SLOW_OUT] of J102
[unconnected_items]: Missing connection between items
    Local override; error
    @(57.1500 mm, 102.5500 mm): Pad 1 [A_I_5V_PIN] of TP138 on F.Cu
    @(68.7400 mm, 108.3700 mm): Pad 1 [A_I_5V_PIN] of R131 on F.Cu
[unconnected_items]: Missing connection between items
    Local override; error
    @(73.7050 mm, 80.7000 mm): Pad 1 [A_I_5V_PIN] of D109 on F.Cu
    @(57.1500 mm, 102.5500 mm): Pad 1 [A_I_5V_PIN] of TP138 on F.Cu
[unconnected_items]: Missing connection between items
    Local override; error
    @(78.2000 mm, 127.8500 mm): Pad 18 [A_I_5V_PIN] of J105 on F.Cu
    @(68.7400 mm, 108.3700 mm): Pad 1 [A_I_5V_PIN] of R131 on F.Cu
[unconnected_items]: Missing connection between items
    Local override; error
    @(67.0450 mm, 82.7000 mm): Pad 5 [A_I_CLK_N] of D106 on F.Cu
    @(75.5200 mm, 108.3700 mm): Pad 1 [A_I_CLK_N] of R137 on F.Cu
[unconnected_items]: Missing connection between items
    Local override; error
    @(80.6000 mm, 127.8500 mm): Pad 12 [A_I_CLK_N] of J105 on F.Cu
    @(84.4100 mm, 121.3900 mm): Pad 1 [A_I_CLK_N] of C102 on F.Cu
[unconnected_items]: Missing connection between items
    Local override; error
    @(84.4100 mm, 121.3900 mm): Pad 1 [A_I_CLK_N] of C102 on F.Cu
    @(75.5200 mm, 108.3700 mm): Pad 1 [A_I_CLK_N] of R137 on F.Cu
[unconnected_items]: Missing connection between items
    Local override; error
    @(67.0450 mm, 82.2000 mm): Pad 4 [A_I_CLK_P] of D106 on F.Cu
    @(73.2600 mm, 108.3700 mm): Pad 1 [A_I_CLK_P] of R136 on F.Cu
[unconnected_items]: Missing connection between items
    Local override; error
    @(81.0000 mm, 127.8500 mm): Pad 11 [A_I_CLK_P] of J105 on F.Cu
    @(82.1900 mm, 121.3900 mm): Pad 1 [A_I_CLK_P] of C101 on F.Cu
[unconnected_items]: Missing connection between items
    Local override; error
    @(82.1900 mm, 121.3900 mm): Pad 1 [A_I_CLK_P] of C101 on F.Cu
    @(73.2600 mm, 108.3700 mm): Pad 1 [A_I_CLK_P] of R136 on F.Cu
[unconnected_items]: Missing connection between items
    Local override; error
    @(76.5400 mm, 108.3700 mm): Pad 2 [A_I_CLK_RX_N] of R137 on F.Cu
    @(69.6400 mm, 110.6700 mm): Pad 2 [A_I_CLK_RX_N] of R140 on F.Cu
[unconnected_items]: Missing connection between items
    Local override; error
    @(78.5375 mm, 114.2250 mm): Pad 1 [A_I_CLK_RX_N] of U105 on F.Cu
    @(78.8000 mm, 108.3700 mm): Pad 2 [A_I_CLK_RX_N] of R138 on F.Cu
[unconnected_items]: Missing connection between items
    Local override; error
    @(78.8000 mm, 108.3700 mm): Pad 2 [A_I_CLK_RX_N] of R138 on F.Cu
    @(76.5400 mm, 108.3700 mm): Pad 2 [A_I_CLK_RX_N] of R137 on F.Cu
[unconnected_items]: Missing connection between items
    Local override; error
    @(85.3700 mm, 121.3900 mm): Pad 2 [A_I_CLK_RX_N] of C102 on F.Cu
    @(78.5375 mm, 114.2250 mm): Pad 1 [A_I_CLK_RX_N] of U105 on F.Cu
[unconnected_items]: Missing connection between items
    Local override; error
    @(77.7800 mm, 108.3700 mm): Pad 1 [A_I_CLK_RX_P] of R138 on F.Cu
    @(74.2800 mm, 108.3700 mm): Pad 2 [A_I_CLK_RX_P] of R136 on F.Cu
[unconnected_items]: Missing connection between items
    Local override; error
    @(77.7800 mm, 108.3700 mm): Pad 1 [A_I_CLK_RX_P] of R138 on F.Cu
    @(78.5375 mm, 114.8750 mm): Pad 2 [A_I_CLK_RX_P] of U105 on F.Cu
[unconnected_items]: Missing connection between items
    Local override; error
    @(78.5375 mm, 114.8750 mm): Pad 2 [A_I_CLK_RX_P] of U105 on F.Cu
    @(83.1500 mm, 121.3900 mm): Pad 2 [A_I_CLK_RX_P] of C101 on F.Cu
[unconnected_items]: Missing connection between items
    Local override; error
    @(81.0600 mm, 108.3700 mm): Pad 2 [A_I_CLK_RX_P] of R139 on F.Cu
    @(77.7800 mm, 108.3700 mm): Pad 1 [A_I_CLK_RX_P] of R138 on F.Cu
[unconnected_items]: Missing connection between items
    Local override; error
    @(73.1400 mm, 110.6700 mm): Pad 1 [A_I_D0_N] of R142 on F.Cu
    @(69.2650 mm, 81.2000 mm): Pad 2 [A_I_D0_N] of D107 on F.Cu
[unconnected_items]: Missing connection between items
    Local override; error
    @(73.1400 mm, 110.6700 mm): Pad 1 [A_I_D0_N] of R142 on F.Cu
    @(44.3500 mm, 122.7200 mm): Pad 1 [A_I_D0_N] of C104 on F.Cu
[unconnected_items]: Missing connection between items
    Local override; error
    @(81.8000 mm, 127.8500 mm): Pad 9 [A_I_D0_N] of J105 on F.Cu
    @(73.1400 mm, 110.6700 mm): Pad 1 [A_I_D0_N] of R142 on F.Cu
[unconnected_items]: Missing connection between items
    Local override; error
    @(69.2650 mm, 80.7000 mm): Pad 1 [A_I_D0_P] of D107 on F.Cu
    @(70.8800 mm, 110.6700 mm): Pad 1 [A_I_D0_P] of R141 on F.Cu
[unconnected_items]: Missing connection between items
    Local override; error
    @(70.8800 mm, 110.6700 mm): Pad 1 [A_I_D0_P] of R141 on F.Cu
    @(41.6300 mm, 122.7200 mm): Pad 1 [A_I_D0_P] of C103 on F.Cu
[unconnected_items]: Missing connection between items
    Local override; error
    @(82.2000 mm, 127.8500 mm): Pad 8 [A_I_D0_P] of J105 on F.Cu
    @(70.8800 mm, 110.6700 mm): Pad 1 [A_I_D0_P] of R141 on F.Cu
[unconnected_items]: Missing connection between items
    Local override; error
    @(74.1600 mm, 110.6700 mm): Pad 2 [A_I_D0_RX_N] of R142 on F.Cu
    @(45.3100 mm, 122.7200 mm): Pad 2 [A_I_D0_RX_N] of C104 on F.Cu
[unconnected_items]: Missing connection between items
    Local override; error
    @(76.4200 mm, 110.6700 mm): Pad 2 [A_I_D0_RX_N] of R143 on F.Cu
    @(74.1600 mm, 110.6700 mm): Pad 2 [A_I_D0_RX_N] of R142 on F.Cu
[unconnected_items]: Missing connection between items
    Local override; error
    @(78.5375 mm, 116.1750 mm): Pad 4 [A_I_D0_RX_N] of U105 on F.Cu
    @(76.4200 mm, 110.6700 mm): Pad 2 [A_I_D0_RX_N] of R143 on F.Cu
[unconnected_items]: Missing connection between items
    Local override; error
    @(80.9400 mm, 110.6700 mm): Pad 2 [A_I_D0_RX_N] of R145 on F.Cu
    @(76.4200 mm, 110.6700 mm): Pad 2 [A_I_D0_RX_N] of R143 on F.Cu
[unconnected_items]: Missing connection between items
    Local override; error
    @(71.9000 mm, 110.6700 mm): Pad 2 [A_I_D0_RX_P] of R141 on F.Cu
    @(42.5900 mm, 122.7200 mm): Pad 2 [A_I_D0_RX_P] of C103 on F.Cu
[unconnected_items]: Missing connection between items
    Local override; error
    @(75.4000 mm, 110.6700 mm): Pad 1 [A_I_D0_RX_P] of R143 on F.Cu
    @(71.9000 mm, 110.6700 mm): Pad 2 [A_I_D0_RX_P] of R141 on F.Cu
[unconnected_items]: Missing connection between items
    Local override; error
    @(78.5375 mm, 115.5250 mm): Pad 3 [A_I_D0_RX_P] of U105 on F.Cu
    @(78.6800 mm, 110.6700 mm): Pad 2 [A_I_D0_RX_P] of R144 on F.Cu
[unconnected_items]: Missing connection between items
    Local override; error
    @(78.6800 mm, 110.6700 mm): Pad 2 [A_I_D0_RX_P] of R144 on F.Cu
    @(75.4000 mm, 110.6700 mm): Pad 1 [A_I_D0_RX_P] of R143 on F.Cu
[unconnected_items]: Missing connection between items
    Local override; error
    @(49.2900 mm, 122.7200 mm): Pad 1 [A_I_D1_N] of C106 on F.Cu
    @(83.0000 mm, 127.8500 mm): Pad 6 [A_I_D1_N] of J105 on F.Cu
[unconnected_items]: Missing connection between items
    Local override; error
    @(83.0000 mm, 127.8500 mm): Pad 6 [A_I_D1_N] of J105 on F.Cu
    @(84.4400 mm, 110.6700 mm): Pad 1 [A_I_D1_N] of R147 on F.Cu
[unconnected_items]: Missing connection between items
    Local override; error
    @(84.4400 mm, 110.6700 mm): Pad 1 [A_I_D1_N] of R147 on F.Cu
    @(69.2650 mm, 82.7000 mm): Pad 5 [A_I_D1_N] of D107 on F.Cu
[unconnected_items]: Missing connection between items
    Local override; error
    @(46.5700 mm, 122.7200 mm): Pad 1 [A_I_D1_P] of C105 on F.Cu
    @(83.4000 mm, 127.8500 mm): Pad 5 [A_I_D1_P] of J105 on F.Cu
[unconnected_items]: Missing connection between items
    Local override; error
    @(82.1800 mm, 110.6700 mm): Pad 1 [A_I_D1_P] of R146 on F.Cu
    @(69.2650 mm, 82.2000 mm): Pad 4 [A_I_D1_P] of D107 on F.Cu
[unconnected_items]: Missing connection between items
    Local override; error
    @(83.4000 mm, 127.8500 mm): Pad 5 [A_I_D1_P] of J105 on F.Cu
    @(82.1800 mm, 110.6700 mm): Pad 1 [A_I_D1_P] of R146 on F.Cu
[unconnected_items]: Missing connection between items
    Local override; error
    @(69.6400 mm, 112.0100 mm): Pad 2 [A_I_D1_RX_N] of R148 on F.Cu
    @(50.2500 mm, 122.7200 mm): Pad 2 [A_I_D1_RX_N] of C106 on F.Cu
[unconnected_items]: Missing connection between items
    Local override; error
    @(74.1600 mm, 112.0100 mm): Pad 2 [A_I_D1_RX_N] of R150 on F.Cu
    @(69.6400 mm, 112.0100 mm): Pad 2 [A_I_D1_RX_N] of R148 on F.Cu
[unconnected_items]: Missing connection between items
    Local override; error
    @(78.5375 mm, 116.8250 mm): Pad 5 [A_I_D1_RX_N] of U105 on F.Cu
    @(74.1600 mm, 112.0100 mm): Pad 2 [A_I_D1_RX_N] of R150 on F.Cu
[unconnected_items]: Missing connection between items
    Local override; error
    @(78.5375 mm, 116.8250 mm): Pad 5 [A_I_D1_RX_N] of U105 on F.Cu
    @(85.4600 mm, 110.6700 mm): Pad 2 [A_I_D1_RX_N] of R147 on F.Cu
[unconnected_items]: Missing connection between items
    Local override; error
    @(68.6200 mm, 112.0100 mm): Pad 1 [A_I_D1_RX_P] of R148 on F.Cu
    @(47.5300 mm, 122.7200 mm): Pad 2 [A_I_D1_RX_P] of C105 on F.Cu
[unconnected_items]: Missing connection between items
    Local override; error
    @(71.9000 mm, 112.0100 mm): Pad 2 [A_I_D1_RX_P] of R149 on F.Cu
    @(68.6200 mm, 112.0100 mm): Pad 1 [A_I_D1_RX_P] of R148 on F.Cu
[unconnected_items]: Missing connection between items
    Local override; error
    @(78.5375 mm, 117.4750 mm): Pad 6 [A_I_D1_RX_P] of U105 on F.Cu
    @(83.2000 mm, 110.6700 mm): Pad 2 [A_I_D1_RX_P] of R146 on F.Cu
[unconnected_items]: Missing connection between items
    Local override; error
    @(78.5375 mm, 117.4750 mm): Pad 6 [A_I_D1_RX_P] of U105 on F.Cu
    @(71.9000 mm, 112.0100 mm): Pad 2 [A_I_D1_RX_P] of R149 on F.Cu
[unconnected_items]: Missing connection between items
    Local override; error
    @(77.6600 mm, 112.0100 mm): Pad 1 [A_I_D2_N] of R152 on F.Cu
    @(53.7300 mm, 122.7200 mm): Pad 1 [A_I_D2_N] of C108 on F.Cu
[unconnected_items]: Missing connection between items
    Local override; error
    @(77.6600 mm, 112.0100 mm): Pad 1 [A_I_D2_N] of R152 on F.Cu
    @(71.4850 mm, 81.2000 mm): Pad 2 [A_I_D2_N] of D108 on F.Cu
[unconnected_items]: Missing connection between items
    Local override; error
    @(84.2000 mm, 127.8500 mm): Pad 3 [A_I_D2_N] of J105 on F.Cu
    @(77.6600 mm, 112.0100 mm): Pad 1 [A_I_D2_N] of R152 on F.Cu
[unconnected_items]: Missing connection between items
    Local override; error
    @(75.4000 mm, 112.0100 mm): Pad 1 [A_I_D2_P] of R151 on F.Cu
    @(51.5100 mm, 122.7200 mm): Pad 1 [A_I_D2_P] of C107 on F.Cu
[unconnected_items]: Missing connection between items
    Local override; error
    @(75.4000 mm, 112.0100 mm): Pad 1 [A_I_D2_P] of R151 on F.Cu
    @(71.4850 mm, 80.7000 mm): Pad 1 [A_I_D2_P] of D108 on F.Cu
[unconnected_items]: Missing connection between items
    Local override; error
    @(84.6000 mm, 127.8500 mm): Pad 2 [A_I_D2_P] of J105 on F.Cu
    @(75.4000 mm, 112.0100 mm): Pad 1 [A_I_D2_P] of R151 on F.Cu
[unconnected_items]: Missing connection between items
    Local override; error
    @(54.6900 mm, 122.7200 mm): Pad 2 [A_I_D2_RX_N] of C108 on F.Cu
    @(78.5375 mm, 118.7750 mm): Pad 8 [A_I_D2_RX_N] of U105 on F.Cu
[unconnected_items]: Missing connection between items
    Local override; error
    @(78.6800 mm, 112.0100 mm): Pad 2 [A_I_D2_RX_N] of R152 on F.Cu
    @(78.5375 mm, 118.7750 mm): Pad 8 [A_I_D2_RX_N] of U105 on F.Cu
[unconnected_items]: Missing connection between items
    Local override; error
    @(80.9400 mm, 112.0100 mm): Pad 2 [A_I_D2_RX_N] of R153 on F.Cu
    @(78.6800 mm, 112.0100 mm): Pad 2 [A_I_D2_RX_N] of R152 on F.Cu
[unconnected_items]: Missing connection between items
    Local override; error
    @(85.4600 mm, 112.0100 mm): Pad 2 [A_I_D2_RX_N] of R155 on F.Cu
    @(80.9400 mm, 112.0100 mm): Pad 2 [A_I_D2_RX_N] of R153 on F.Cu
[unconnected_items]: Missing connection between items
    Local override; error
    @(76.4200 mm, 112.0100 mm): Pad 2 [A_I_D2_RX_P] of R151 on F.Cu
    @(52.4700 mm, 122.7200 mm): Pad 2 [A_I_D2_RX_P] of C107 on F.Cu
[unconnected_items]: Missing connection between items
    Local override; error
    @(78.5375 mm, 118.1250 mm): Pad 7 [A_I_D2_RX_P] of U105 on F.Cu
    @(79.9200 mm, 112.0100 mm): Pad 1 [A_I_D2_RX_P] of R153 on F.Cu
[unconnected_items]: Missing connection between items
    Local override; error
    @(79.9200 mm, 112.0100 mm): Pad 1 [A_I_D2_RX_P] of R153 on F.Cu
    @(76.4200 mm, 112.0100 mm): Pad 2 [A_I_D2_RX_P] of R151 on F.Cu
[unconnected_items]: Missing connection between items
    Local override; error
    @(83.2000 mm, 112.0100 mm): Pad 2 [A_I_D2_RX_P] of R154 on F.Cu
    @(79.9200 mm, 112.0100 mm): Pad 1 [A_I_D2_RX_P] of R153 on F.Cu
[unconnected_items]: Missing connection between items
    Local override; error
    @(59.7000 mm, 108.3700 mm): Pad 1 [A_I_HPD] of R127 on F.Cu
    @(77.4500 mm, 99.6500 mm): Pad 1 [A_I_HPD] of TP133 on F.Cu
[unconnected_items]: Missing connection between items
    Local override; error
    @(59.7000 mm, 108.3700 mm): Pad 1 [A_I_HPD] of R127 on F.Cu
    @(77.8000 mm, 127.8500 mm): Pad 19 [A_I_HPD] of J105 on F.Cu
[unconnected_items]: Missing connection between items
    Local override; error
    @(77.4500 mm, 99.6500 mm): Pad 1 [A_I_HPD] of TP133 on F.Cu
    @(85.0000 mm, 89.0800 mm): PTH pad 3 [A_I_HPD] of J107
[unconnected_items]: Missing connection between items
    Local override; error
    @(85.0000 mm, 89.0800 mm): PTH pad 3 [A_I_HPD] of J107
    @(71.4850 mm, 82.7000 mm): Pad 5 [A_I_HPD] of D108 on F.Cu
[unconnected_items]: Missing connection between items
    Local override; error
    @(42.4500 mm, 102.5500 mm): Pad 1 [A_I_SLOW] of TP135 on F.Cu
    @(79.4000 mm, 127.8500 mm): Pad 15 [A_I_SLOW] of J105 on F.Cu
[unconnected_items]: Missing connection between items
    Local override; error
    @(71.4850 mm, 82.2000 mm): Pad 4 [A_I_SLOW] of D108 on F.Cu
    @(42.4500 mm, 102.5500 mm): Pad 1 [A_I_SLOW] of TP135 on F.Cu
[unconnected_items]: Missing connection between items
    Local override; error
    @(74.3500 mm, 90.5000 mm): Pad 2 [A_LDO3V3] of U110 on F.Cu
    @(80.6500 mm, 90.5000 mm): Pad 2 [A_LDO3V3] of U110 on F.Cu
[unconnected_items]: Missing connection between items
    Local override; error
    @(74.3500 mm, 90.5000 mm): Pad 2 [A_LDO3V3] of U110 on F.Cu
    @(54.0500 mm, 105.1800 mm): Pad 1 [A_LDO3V3] of C127 on F.Cu
[unconnected_items]: Missing connection between items
    Local override; error
    @(80.6500 mm, 90.5000 mm): Pad 2 [A_LDO3V3] of U110 on F.Cu
    @(85.0000 mm, 80.0800 mm): PTH pad 3 [A_LDO3V3] of J106
[unconnected_items]: Missing connection between items
    Local override; error
    @(45.8500 mm, 102.5500 mm): Pad 1 [A_O_5V_PIN] of TP136 on F.Cu
    @(43.4000 mm, 127.8500 mm): Pad 18 [A_O_5V_PIN] of J103 on F.Cu
[unconnected_items]: Missing connection between items
    Local override; error
    @(53.7650 mm, 72.0000 mm): Pad 4 [A_O_5V_PIN] of D103 on F.Cu
    @(45.8500 mm, 102.5500 mm): Pad 1 [A_O_5V_PIN] of TP136 on F.Cu
[unconnected_items]: Missing connection between items
    Local override; error
    @(45.8000 mm, 127.8500 mm): Pad 12 [A_O_CLK_N] of J103 on F.Cu
    @(49.0750 mm, 112.0550 mm): Pad 16 [A_O_CLK_N] of U102 on F.Cu
[unconnected_items]: Missing connection between items
    Local override; error
    @(49.0750 mm, 112.0550 mm): Pad 16 [A_O_CLK_N] of U102 on F.Cu
    @(49.3250 mm, 71.0000 mm): Pad 2 [A_O_CLK_N] of D101 on F.Cu
[unconnected_items]: Missing connection between items
    Local override; error
    @(46.2000 mm, 127.8500 mm): Pad 11 [A_O_CLK_P] of J103 on F.Cu
    @(49.0750 mm, 113.3250 mm): Pad 15 [A_O_CLK_P] of U102 on F.Cu
[unconnected_items]: Missing connection between items
    Local override; error
    @(49.0750 mm, 113.3250 mm): Pad 15 [A_O_CLK_P] of U102 on F.Cu
    @(49.3250 mm, 70.5000 mm): Pad 1 [A_O_CLK_P] of D101 on F.Cu
[unconnected_items]: Missing connection between items
    Local override; error
    @(47.0000 mm, 127.8500 mm): Pad 9 [A_O_D0_N] of J103 on F.Cu
    @(49.0750 mm, 115.8650 mm): Pad 13 [A_O_D0_N] of U102 on F.Cu
[unconnected_items]: Missing connection between items
    Local override; error
    @(49.0750 mm, 115.8650 mm): Pad 13 [A_O_D0_N] of U102 on F.Cu
    @(49.3250 mm, 72.5000 mm): Pad 5 [A_O_D0_N] of D101 on F.Cu
[unconnected_items]: Missing connection between items
    Local override; error
    @(47.4000 mm, 127.8500 mm): Pad 8 [A_O_D0_P] of J103 on F.Cu
    @(49.0750 mm, 114.5950 mm): Pad 14 [A_O_D0_P] of U102 on F.Cu
[unconnected_items]: Missing connection between items
    Local override; error
    @(49.0750 mm, 114.5950 mm): Pad 14 [A_O_D0_P] of U102 on F.Cu
    @(49.3250 mm, 72.0000 mm): Pad 4 [A_O_D0_P] of D101 on F.Cu
[unconnected_items]: Missing connection between items
    Local override; error
    @(48.2000 mm, 127.8500 mm): Pad 6 [A_O_D1_N] of J103 on F.Cu
    @(49.0750 mm, 117.1350 mm): Pad 12 [A_O_D1_N] of U102 on F.Cu
[unconnected_items]: Missing connection between items
    Local override; error
    @(49.0750 mm, 117.1350 mm): Pad 12 [A_O_D1_N] of U102 on F.Cu
    @(51.5450 mm, 71.0000 mm): Pad 2 [A_O_D1_N] of D102 on F.Cu
[unconnected_items]: Missing connection between items
    Local override; error
    @(49.0750 mm, 118.4050 mm): Pad 11 [A_O_D1_P] of U102 on F.Cu
    @(48.6000 mm, 127.8500 mm): Pad 5 [A_O_D1_P] of J103 on F.Cu
[unconnected_items]: Missing connection between items
    Local override; error
    @(51.5450 mm, 70.5000 mm): Pad 1 [A_O_D1_P] of D102 on F.Cu
    @(49.0750 mm, 118.4050 mm): Pad 11 [A_O_D1_P] of U102 on F.Cu
[unconnected_items]: Missing connection between items
    Local override; error
    @(49.0750 mm, 120.9450 mm): Pad 9 [A_O_D2_N] of U102 on F.Cu
    @(49.4000 mm, 127.8500 mm): Pad 3 [A_O_D2_N] of J103 on F.Cu
[unconnected_items]: Missing connection between items
    Local override; error
    @(51.5450 mm, 72.5000 mm): Pad 5 [A_O_D2_N] of D102 on F.Cu
    @(49.0750 mm, 120.9450 mm): Pad 9 [A_O_D2_N] of U102 on F.Cu
[unconnected_items]: Missing connection between items
    Local override; error
    @(49.0750 mm, 119.6750 mm): Pad 10 [A_O_D2_P] of U102 on F.Cu
    @(49.8000 mm, 127.8500 mm): Pad 2 [A_O_D2_P] of J103 on F.Cu
[unconnected_items]: Missing connection between items
    Local override; error
    @(51.5450 mm, 72.0000 mm): Pad 4 [A_O_D2_P] of D102 on F.Cu
    @(49.0750 mm, 119.6750 mm): Pad 10 [A_O_D2_P] of U102 on F.Cu
[unconnected_items]: Missing connection between items
    Local override; error
    @(57.4400 mm, 108.3700 mm): Pad 1 [A_O_HPD] of R126 on F.Cu
    @(71.6500 mm, 99.6500 mm): Pad 1 [A_O_HPD] of TP131 on F.Cu
[unconnected_items]: Missing connection between items
    Local override; error
    @(57.4400 mm, 108.3700 mm): Pad 1 [A_O_HPD] of R126 on F.Cu
    @(43.0000 mm, 127.8500 mm): Pad 19 [A_O_HPD] of J103 on F.Cu
[unconnected_items]: Missing connection between items
    Local override; error
    @(71.6500 mm, 99.6500 mm): Pad 1 [A_O_HPD] of TP131 on F.Cu
    @(53.7650 mm, 71.0000 mm): Pad 2 [A_O_HPD] of D103 on F.Cu
[unconnected_items]: Missing connection between items
    Local override; error
    @(44.6000 mm, 127.8500 mm): Pad 15 [A_O_SLOW] of J103 on F.Cu
    @(56.2000 mm, 108.3700 mm): Pad 2 [A_O_SLOW] of R125 on F.Cu
[unconnected_items]: Missing connection between items
    Local override; error
    @(56.2000 mm, 108.3700 mm): Pad 2 [A_O_SLOW] of R125 on F.Cu
    @(53.7650 mm, 70.5000 mm): Pad 1 [A_O_SLOW] of D103 on F.Cu
[unconnected_items]: Missing connection between items
    Local override; error
    @(46.2500 mm, 105.1800 mm): Pad 1 [A_P5V_IN] of C126 on F.Cu
    @(69.7600 mm, 108.3700 mm): Pad 2 [A_P5V_IN] of R131 on F.Cu
[unconnected_items]: Missing connection between items
    Local override; error
    @(69.7600 mm, 108.3700 mm): Pad 2 [A_P5V_IN] of R131 on F.Cu
    @(74.3500 mm, 92.8000 mm): Pad 3 [A_P5V_IN] of U110 on F.Cu
[unconnected_items]: Missing connection between items
    Local override; error
    @(52.9500 mm, 93.5500 mm): Pad 1 [A_ROLE] of TP116 on F.Cu
    @(54.0250 mm, 112.0550 mm): Pad 1 [A_ROLE] of U103 on F.Cu
[unconnected_items]: Missing connection between items
    Local override; error
    @(54.0250 mm, 112.0550 mm): Pad 1 [A_ROLE] of U103 on F.Cu
    @(64.2200 mm, 108.3700 mm): Pad 1 [A_ROLE] of R129 on F.Cu
[unconnected_items]: Missing connection between items
    Local override; error
    @(71.3250 mm, 77.8625 mm): Pad 5 [A_ROLE] of U107 on F.Cu
    @(77.0625 mm, 81.5500 mm): Pad 1 [A_ROLE] of U111 on F.Cu
[unconnected_items]: Missing connection between items
    Local override; error
    @(71.3250 mm, 77.8625 mm): Pad 5 [A_ROLE] of U107 on F.Cu
    @(52.9500 mm, 93.5500 mm): Pad 1 [A_ROLE] of TP116 on F.Cu
[unconnected_items]: Missing connection between items
    Local override; error
    @(76.3750 mm, 72.1375 mm): Pad 15 [A_ROLE] of U108 on F.Cu
    @(71.3250 mm, 77.8625 mm): Pad 5 [A_ROLE] of U107 on F.Cu
[unconnected_items]: Missing connection between items
    Local override; error
    @(85.0000 mm, 95.5400 mm): PTH pad 2 [A_ROLE] of J109
    @(77.0625 mm, 81.5500 mm): Pad 1 [A_ROLE] of U111 on F.Cu
[unconnected_items]: Missing connection between items
    Local override; error
    @(61.5250 mm, 112.0550 mm): Pad 1 [A_ROLE_N] of U104 on F.Cu
    @(66.4800 mm, 108.3700 mm): Pad 1 [A_ROLE_N] of R130 on F.Cu
[unconnected_items]: Missing connection between items
    Local override; error
    @(66.4800 mm, 108.3700 mm): Pad 1 [A_ROLE_N] of R130 on F.Cu
    @(55.8500 mm, 93.5500 mm): Pad 1 [A_ROLE_N] of TP117 on F.Cu
[unconnected_items]: Missing connection between items
    Local override; error
    @(78.9375 mm, 82.5000 mm): Pad 3 [A_ROLE_N] of U111 on F.Cu
    @(70.0250 mm, 72.1375 mm): Pad 14 [A_ROLE_N] of U107 on F.Cu
[unconnected_items]: Missing connection between items
    Local override; error
    @(78.9375 mm, 82.5000 mm): Pad 3 [A_ROLE_N] of U111 on F.Cu
    @(55.8500 mm, 93.5500 mm): Pad 1 [A_ROLE_N] of TP117 on F.Cu
[unconnected_items]: Missing connection between items
    Local override; error
    @(61.9600 mm, 108.3700 mm): Pad 1 [A_RXEN_N] of R128 on F.Cu
    @(84.2625 mm, 118.7750 mm): Pad 9 [A_RXEN_N] of U105 on F.Cu
[unconnected_items]: Missing connection between items
    Local override; error
    @(85.0000 mm, 86.5400 mm): PTH pad 2 [A_RXEN_N] of J107
    @(61.9600 mm, 108.3700 mm): Pad 1 [A_RXEN_N] of R128 on F.Cu
[unconnected_items]: Missing connection between items
    Local override; error
    @(54.2500 mm, 99.6500 mm): Pad 1 [A_RXO_AX_CLK] of TP125 on F.Cu
    @(75.3625 mm, 114.8750 mm): Pad 15 [A_RXO_AX_CLK] of U106 on F.Cu
[unconnected_items]: Missing connection between items
    Local override; error
    @(77.6750 mm, 77.8625 mm): Pad 4 [A_RXO_AX_CLK] of U108 on F.Cu
    @(54.2500 mm, 99.6500 mm): Pad 1 [A_RXO_AX_CLK] of TP125 on F.Cu
[unconnected_items]: Missing connection between items
    Local override; error
    @(57.1500 mm, 99.6500 mm): Pad 1 [A_RXO_AX_D0] of TP126 on F.Cu
    @(75.3625 mm, 115.5250 mm): Pad 14 [A_RXO_AX_D0] of U106 on F.Cu
[unconnected_items]: Missing connection between items
    Local override; error
    @(78.3250 mm, 77.8625 mm): Pad 5 [A_RXO_AX_D0] of U108 on F.Cu
    @(57.1500 mm, 99.6500 mm): Pad 1 [A_RXO_AX_D0] of TP126 on F.Cu
[unconnected_items]: Missing connection between items
    Local override; error
    @(60.0500 mm, 99.6500 mm): Pad 1 [A_RXO_AX_D1] of TP127 on F.Cu
    @(75.3625 mm, 117.4750 mm): Pad 11 [A_RXO_AX_D1] of U106 on F.Cu
[unconnected_items]: Missing connection between items
    Local override; error
    @(71.9750 mm, 77.8625 mm): Pad 6 [A_RXO_AX_D1] of U107 on F.Cu
    @(60.0500 mm, 99.6500 mm): Pad 1 [A_RXO_AX_D1] of TP127 on F.Cu
[unconnected_items]: Missing connection between items
    Local override; error
    @(62.9500 mm, 99.6500 mm): Pad 1 [A_RXO_AX_D2] of TP128 on F.Cu
    @(75.3625 mm, 118.1250 mm): Pad 10 [A_RXO_AX_D2] of U106 on F.Cu
[unconnected_items]: Missing connection between items
    Local override; error
    @(72.6250 mm, 77.8625 mm): Pad 7 [A_RXO_AX_D2] of U107 on F.Cu
    @(62.9500 mm, 99.6500 mm): Pad 1 [A_RXO_AX_D2] of TP128 on F.Cu
[unconnected_items]: Missing connection between items
    Local override; error
    @(67.4500 mm, 93.5500 mm): Pad 1 [A_RXO_I_CLK] of TP121 on F.Cu
    @(84.2625 mm, 114.8750 mm): Pad 15 [A_RXO_I_CLK] of U105 on F.Cu
[unconnected_items]: Missing connection between items
    Local override; error
    @(70.6750 mm, 77.8625 mm): Pad 4 [A_RXO_I_CLK] of U107 on F.Cu
    @(67.4500 mm, 93.5500 mm): Pad 1 [A_RXO_I_CLK] of TP121 on F.Cu
[unconnected_items]: Missing connection between items
    Local override; error
    @(70.3500 mm, 93.5500 mm): Pad 1 [A_RXO_I_D0] of TP122 on F.Cu
    @(76.0000 mm, 107.0300 mm): Pad 1 [A_RXO_I_D0] of R116 on F.Cu
[unconnected_items]: Missing connection between items
    Local override; error
    @(76.0000 mm, 107.0300 mm): Pad 1 [A_RXO_I_D0] of R116 on F.Cu
    @(84.2625 mm, 115.5250 mm): Pad 14 [A_RXO_I_D0] of U105 on F.Cu
[unconnected_items]: Missing connection between items
    Local override; error
    @(78.2600 mm, 107.0300 mm): Pad 1 [A_RXO_I_D1] of R117 on F.Cu
    @(42.4500 mm, 99.6500 mm): Pad 1 [A_RXO_I_D1] of TP123 on F.Cu
[unconnected_items]: Missing connection between items
    Local override; error
    @(84.2625 mm, 117.4750 mm): Pad 11 [A_RXO_I_D1] of U105 on F.Cu
    @(78.2600 mm, 107.0300 mm): Pad 1 [A_RXO_I_D1] of R117 on F.Cu
[unconnected_items]: Missing connection between items
    Local override; error
    @(80.5200 mm, 107.0300 mm): Pad 1 [A_RXO_I_D2] of R118 on F.Cu
    @(45.8500 mm, 99.6500 mm): Pad 1 [A_RXO_I_D2] of TP124 on F.Cu
[unconnected_items]: Missing connection between items
    Local override; error
    @(84.2625 mm, 118.1250 mm): Pad 10 [A_RXO_I_D2] of U105 on F.Cu
    @(80.5200 mm, 107.0300 mm): Pad 1 [A_RXO_I_D2] of R118 on F.Cu
[unconnected_items]: Missing connection between items
    Local override; error
    @(46.0800 mm, 90.7400 mm): PTH pad 16 [A_SCL1] of J101
    @(62.9500 mm, 102.5500 mm): Pad 1 [A_SCL1] of TP140 on F.Cu
[unconnected_items]: Missing connection between items
    Local override; error
    @(46.0800 mm, 93.2800 mm): PTH pad 18 [A_SDA1] of J101
    @(65.8500 mm, 102.5500 mm): Pad 1 [A_SDA1] of TP141 on F.Cu
[unconnected_items]: Missing connection between items
    Local override; error
    @(41.1750 mm, 133.5000 mm): PTH pad SH [A_SHLD1] of J103
    @(42.8500 mm, 129.8000 mm): PTH pad SH [A_SHLD1] of J103
[unconnected_items]: Missing connection between items
    Local override; error
    @(42.8500 mm, 129.8000 mm): PTH pad SH [A_SHLD1] of J103
    @(41.1750 mm, 129.0000 mm): PTH pad SH [A_SHLD1] of J103
[unconnected_items]: Missing connection between items
    Local override; error
    @(42.8500 mm, 129.8000 mm): PTH pad SH [A_SHLD1] of J103
    @(50.3500 mm, 129.8000 mm): PTH pad SH [A_SHLD1] of J103
[unconnected_items]: Missing connection between items
    Local override; error
    @(50.3500 mm, 129.8000 mm): PTH pad SH [A_SHLD1] of J103
    @(52.0250 mm, 133.5000 mm): PTH pad SH [A_SHLD1] of J103
[unconnected_items]: Missing connection between items
    Local override; error
    @(52.0250 mm, 129.0000 mm): PTH pad SH [A_SHLD1] of J103
    @(50.3500 mm, 129.8000 mm): PTH pad SH [A_SHLD1] of J103
[unconnected_items]: Missing connection between items
    Local override; error
    @(57.8675 mm, 105.1800 mm): Pad 1 [A_SHLD1] of R133 on F.Cu
    @(52.0250 mm, 129.0000 mm): PTH pad SH [A_SHLD1] of J103
[unconnected_items]: Missing connection between items
    Local override; error
    @(58.5750 mm, 133.5000 mm): PTH pad SH [A_SHLD2] of J104
    @(60.2500 mm, 129.8000 mm): PTH pad SH [A_SHLD2] of J104
[unconnected_items]: Missing connection between items
    Local override; error
    @(60.2500 mm, 129.8000 mm): PTH pad SH [A_SHLD2] of J104
    @(58.5750 mm, 129.0000 mm): PTH pad SH [A_SHLD2] of J104
[unconnected_items]: Missing connection between items
    Local override; error
    @(61.6275 mm, 105.1800 mm): Pad 1 [A_SHLD2] of R134 on F.Cu
    @(58.5750 mm, 129.0000 mm): PTH pad SH [A_SHLD2] of J104
[unconnected_items]: Missing connection between items
    Local override; error
    @(67.7500 mm, 129.8000 mm): PTH pad SH [A_SHLD2] of J104
    @(69.4250 mm, 129.0000 mm): PTH pad SH [A_SHLD2] of J104
[unconnected_items]: Missing connection between items
    Local override; error
    @(67.7500 mm, 129.8000 mm): PTH pad SH [A_SHLD2] of J104
    @(60.2500 mm, 129.8000 mm): PTH pad SH [A_SHLD2] of J104
[unconnected_items]: Missing connection between items
    Local override; error
    @(69.4250 mm, 133.5000 mm): PTH pad SH [A_SHLD2] of J104
    @(67.7500 mm, 129.8000 mm): PTH pad SH [A_SHLD2] of J104
[unconnected_items]: Missing connection between items
    Local override; error
    @(65.3875 mm, 105.1800 mm): Pad 1 [A_SHLD3] of R135 on F.Cu
    @(75.9750 mm, 129.0000 mm): PTH pad SH [A_SHLD3] of J105
[unconnected_items]: Missing connection between items
    Local override; error
    @(77.6500 mm, 129.8000 mm): PTH pad SH [A_SHLD3] of J105
    @(75.9750 mm, 129.0000 mm): PTH pad SH [A_SHLD3] of J105
[unconnected_items]: Missing connection between items
    Local override; error
    @(77.6500 mm, 129.8000 mm): PTH pad SH [A_SHLD3] of J105
    @(75.9750 mm, 133.5000 mm): PTH pad SH [A_SHLD3] of J105
[unconnected_items]: Missing connection between items
    Local override; error
    @(85.1500 mm, 129.8000 mm): PTH pad SH [A_SHLD3] of J105
    @(86.8250 mm, 133.5000 mm): PTH pad SH [A_SHLD3] of J105
[unconnected_items]: Missing connection between items
    Local override; error
    @(85.1500 mm, 129.8000 mm): PTH pad SH [A_SHLD3] of J105
    @(77.6500 mm, 129.8000 mm): PTH pad SH [A_SHLD3] of J105
[unconnected_items]: Missing connection between items
    Local override; error
    @(86.8250 mm, 129.0000 mm): PTH pad SH [A_SHLD3] of J105
    @(85.1500 mm, 129.8000 mm): PTH pad SH [A_SHLD3] of J105
[unconnected_items]: Missing connection between items
    Local override; error
    @(55.9500 mm, 122.7200 mm): Pad 1 [A_VBIAS] of C109 on F.Cu
    @(69.6400 mm, 121.3900 mm): Pad 2 [A_VBIAS] of R156 on F.Cu
[unconnected_items]: Missing connection between items
    Local override; error
    @(60.0500 mm, 102.5500 mm): Pad 1 [A_VBIAS] of TP139 on F.Cu
    @(68.6200 mm, 110.6700 mm): Pad 1 [A_VBIAS] of R140 on F.Cu
[unconnected_items]: Missing connection between items
    Local override; error
    @(68.6200 mm, 110.6700 mm): Pad 1 [A_VBIAS] of R140 on F.Cu
    @(70.8800 mm, 112.0100 mm): Pad 1 [A_VBIAS] of R149 on F.Cu
[unconnected_items]: Missing connection between items
    Local override; error
    @(70.8800 mm, 112.0100 mm): Pad 1 [A_VBIAS] of R149 on F.Cu
    @(73.1400 mm, 112.0100 mm): Pad 1 [A_VBIAS] of R150 on F.Cu
[unconnected_items]: Missing connection between items
    Local override; error
    @(70.8800 mm, 112.0100 mm): Pad 1 [A_VBIAS] of R149 on F.Cu
    @(70.8800 mm, 121.3900 mm): Pad 1 [A_VBIAS] of R157 on F.Cu
[unconnected_items]: Missing connection between items
    Local override; error
    @(70.8800 mm, 121.3900 mm): Pad 1 [A_VBIAS] of R157 on F.Cu
    @(69.6400 mm, 121.3900 mm): Pad 2 [A_VBIAS] of R156 on F.Cu
[unconnected_items]: Missing connection between items
    Local override; error
    @(73.1400 mm, 112.0100 mm): Pad 1 [A_VBIAS] of R150 on F.Cu
    @(77.6600 mm, 110.6700 mm): Pad 1 [A_VBIAS] of R144 on F.Cu
[unconnected_items]: Missing connection between items
    Local override; error
    @(77.6600 mm, 110.6700 mm): Pad 1 [A_VBIAS] of R144 on F.Cu
    @(79.9200 mm, 110.6700 mm): Pad 1 [A_VBIAS] of R145 on F.Cu
[unconnected_items]: Missing connection between items
    Local override; error
    @(79.9200 mm, 110.6700 mm): Pad 1 [A_VBIAS] of R145 on F.Cu
    @(80.0400 mm, 108.3700 mm): Pad 1 [A_VBIAS] of R139 on F.Cu
[unconnected_items]: Missing connection between items
    Local override; error
    @(82.1800 mm, 112.0100 mm): Pad 1 [A_VBIAS] of R154 on F.Cu
    @(79.9200 mm, 110.6700 mm): Pad 1 [A_VBIAS] of R145 on F.Cu
[unconnected_items]: Missing connection between items
    Local override; error
    @(84.4400 mm, 112.0100 mm): Pad 1 [A_VBIAS] of R155 on F.Cu
    @(82.1800 mm, 112.0100 mm): Pad 1 [A_VBIAS] of R154 on F.Cu
[unconnected_items]: Missing connection between items
    Local override; error
    @(46.0800 mm, 80.5800 mm): PTH pad 8 [A_VLVDS] of J101
    @(43.5400 mm, 80.5800 mm): PTH pad 7 [A_VLVDS] of J101
[unconnected_items]: Missing connection between items
    Local override; error
    @(68.7500 mm, 102.5500 mm): Pad 1 [A_VLVDS] of TP142 on F.Cu
    @(46.0800 mm, 80.5800 mm): PTH pad 8 [A_VLVDS] of J101
[unconnected_items]: Missing connection between items
    Local override; error
    @(71.0000 mm, 108.3700 mm): Pad 1 [A_VLVDS] of R132 on F.Cu
    @(68.7500 mm, 102.5500 mm): Pad 1 [A_VLVDS] of TP142 on F.Cu
[unconnected_items]: Missing connection between items
    Local override; error
    @(46.1400 mm, 108.3700 mm): Pad 1 [A_X_AXG1CLK25] of R121 on F.Cu
    @(77.6750 mm, 72.1375 mm): Pad 13 [A_X_AXG1CLK25] of U108 on F.Cu
[unconnected_items]: Missing connection between items
    Local override; error
    @(48.4000 mm, 108.3700 mm): Pad 1 [A_X_AXG1DAT25] of R122 on F.Cu
    @(78.3250 mm, 72.1375 mm): Pad 12 [A_X_AXG1DAT25] of U108 on F.Cu
[unconnected_items]: Missing connection between items
    Local override; error
    @(50.6600 mm, 108.3700 mm): Pad 1 [A_X_AXG2CLK25] of R123 on F.Cu
    @(71.9750 mm, 72.1375 mm): Pad 11 [A_X_AXG2CLK25] of U107 on F.Cu
[unconnected_items]: Missing connection between items
    Local override; error
    @(52.9200 mm, 108.3700 mm): Pad 1 [A_X_AXG2DAT25] of R124 on F.Cu
    @(72.6250 mm, 72.1375 mm): Pad 10 [A_X_AXG2DAT25] of U107 on F.Cu
[unconnected_items]: Missing connection between items
    Local override; error
    @(41.6200 mm, 108.3700 mm): Pad 1 [A_X_INCLK25] of R119 on F.Cu
    @(70.6750 mm, 72.1375 mm): Pad 13 [A_X_INCLK25] of U107 on F.Cu
[unconnected_items]: Missing connection between items
    Local override; error
    @(43.8800 mm, 108.3700 mm): Pad 1 [A_X_ROLE25] of R120 on F.Cu
    @(71.3250 mm, 72.1375 mm): Pad 12 [A_X_ROLE25] of U107 on F.Cu
[unconnected_items]: Missing connection between items
    Local override; error
    @(65.8500 mm, 99.6500 mm): Pad 1 [A_X_SP1] of TP129 on F.Cu
    @(78.9750 mm, 72.1375 mm): Pad 11 [A_X_SP1] of U108 on F.Cu
[unconnected_items]: Missing connection between items
    Local override; error
    @(68.7500 mm, 99.6500 mm): Pad 1 [A_X_SP2] of TP130 on F.Cu
    @(79.6250 mm, 72.1375 mm): Pad 10 [A_X_SP2] of U108 on F.Cu
[unconnected_items]: Missing connection between items
    Local override; error
    @(92.0000 mm, 73.0000 mm): PTH pad 1 [B_+3V3] of J205
    @(106.3500 mm, 70.4500 mm): Pad 1 [B_+3V3] of C222 on F.Cu
[unconnected_items]: Missing connection between items
    Local override; error
    @(101.7250 mm, 87.1375 mm): Pad 16 [B_+3V3] of U206 on F.Cu
    @(106.3500 mm, 84.3500 mm): Pad 1 [B_+3V3] of TP232 on F.Cu
[unconnected_items]: Missing connection between items
    Local override; error
    @(101.7250 mm, 87.1375 mm): Pad 16 [B_+3V3] of U206 on F.Cu
    @(101.7250 mm, 92.8625 mm): Pad 1 [B_+3V3] of U206 on F.Cu
[unconnected_items]: Missing connection between items
    Local override; error
    @(101.7250 mm, 92.8625 mm): Pad 1 [B_+3V3] of U206 on F.Cu
    @(102.3750 mm, 92.8625 mm): Pad 2 [B_+3V3] of U206 on F.Cu
[unconnected_items]: Missing connection between items
    Local override; error
    @(103.0250 mm, 92.8625 mm): Pad 3 [B_+3V3] of U206 on F.Cu
    @(102.3750 mm, 92.8625 mm): Pad 2 [B_+3V3] of U206 on F.Cu
[unconnected_items]: Missing connection between items
    Local override; error
    @(106.3500 mm, 70.4500 mm): Pad 1 [B_+3V3] of C222 on F.Cu
    @(111.5550 mm, 68.4750 mm): Pad 1 [B_+3V3] of U203 on F.Cu
[unconnected_items]: Missing connection between items
    Local override; error
    @(106.3500 mm, 78.5500 mm): Pad 1 [B_+3V3] of C218 on F.Cu
    @(106.3500 mm, 84.3500 mm): Pad 1 [B_+3V3] of TP232 on F.Cu
[unconnected_items]: Missing connection between items
    Local override; error
    @(106.3500 mm, 84.3500 mm): Pad 1 [B_+3V3] of TP232 on F.Cu
    @(113.4400 mm, 85.1100 mm): Pad 1 [B_+3V3] of C216 on F.Cu
[unconnected_items]: Missing connection between items
    Local override; error
    @(110.0000 mm, 54.1500 mm): Pad 2 [B_+3V3] of U207 on F.Cu
    @(110.0000 mm, 47.8500 mm): Pad 2 [B_+3V3] of U207 on F.Cu
[unconnected_items]: Missing connection between items
    Local override; error
    @(110.0000 mm, 54.1500 mm): Pad 2 [B_+3V3] of U207 on F.Cu
    @(113.4400 mm, 61.1700 mm): Pad 1 [B_+3V3] of C219 on F.Cu
[unconnected_items]: Missing connection between items
    Local override; error
    @(112.1100 mm, 112.5400 mm): Pad 1 [B_+3V3] of R266 on F.Cu
    @(110.7700 mm, 111.5200 mm): Pad 2 [B_+3V3] of R241 on F.Cu
[unconnected_items]: Missing connection between items
    Local override; error
    @(112.1100 mm, 112.5400 mm): Pad 1 [B_+3V3] of R266 on F.Cu
    @(113.4400 mm, 121.2700 mm): Pad 1 [B_+3V3] of C213 on F.Cu
[unconnected_items]: Missing connection between items
    Local override; error
    @(113.4400 mm, 61.1700 mm): Pad 1 [B_+3V3] of C219 on F.Cu
    @(111.5550 mm, 68.4750 mm): Pad 1 [B_+3V3] of U203 on F.Cu
[unconnected_items]: Missing connection between items
    Local override; error
    @(113.4400 mm, 73.3900 mm): Pad 1 [B_+3V3] of C217 on F.Cu
    @(111.5550 mm, 68.4750 mm): Pad 1 [B_+3V3] of U203 on F.Cu
[unconnected_items]: Missing connection between items
    Local override; error
    @(113.4400 mm, 73.3900 mm): Pad 1 [B_+3V3] of C217 on F.Cu
    @(115.3650 mm, 80.4750 mm): Pad 4 [B_+3V3] of U205 on F.Cu
[unconnected_items]: Missing connection between items
    Local override; error
    @(113.4400 mm, 85.1100 mm): Pad 1 [B_+3V3] of C216 on F.Cu
    @(113.7250 mm, 87.1375 mm): Pad 16 [B_+3V3] of U202 on F.Cu
[unconnected_items]: Missing connection between items
    Local override; error
    @(113.4400 mm, 109.0500 mm): Pad 1 [B_+3V3] of C214 on F.Cu
    @(113.7250 mm, 111.1375 mm): Pad 16 [B_+3V3] of U201 on F.Cu
[unconnected_items]: Missing connection between items
    Local override; error
    @(113.4400 mm, 123.4900 mm): Pad 1 [B_+3V3] of C212 on F.Cu
    @(113.4400 mm, 121.2700 mm): Pad 1 [B_+3V3] of C213 on F.Cu
[unconnected_items]: Missing connection between items
    Local override; error
    @(113.4400 mm, 125.7100 mm): Pad 1 [B_+3V3] of C211 on F.Cu
    @(113.4400 mm, 123.4900 mm): Pad 1 [B_+3V3] of C212 on F.Cu
[unconnected_items]: Missing connection between items
    Local override; error
    @(113.4400 mm, 125.7100 mm): Pad 1 [B_+3V3] of C211 on F.Cu
    @(110.7700 mm, 125.0800 mm): Pad 2 [B_+3V3] of R235 on F.Cu
[unconnected_items]: Missing connection between items
    Local override; error
    @(113.7250 mm, 87.1375 mm): Pad 16 [B_+3V3] of U202 on F.Cu
    @(113.4400 mm, 97.3300 mm): Pad 1 [B_+3V3] of C215 on F.Cu
[unconnected_items]: Missing connection between items
    Local override; error
    @(113.7250 mm, 111.1375 mm): Pad 16 [B_+3V3] of U201 on F.Cu
    @(112.1100 mm, 112.5400 mm): Pad 1 [B_+3V3] of R266 on F.Cu
[unconnected_items]: Missing connection between items
    Local override; error
    @(114.7600 mm, 132.8700 mm): Pad 1 [B_+3V3] of C223 on F.Cu
    @(113.4400 mm, 125.7100 mm): Pad 1 [B_+3V3] of C211 on F.Cu
[unconnected_items]: Missing connection between items
    Local override; error
    @(115.3650 mm, 68.4750 mm): Pad 4 [B_+3V3] of U203 on F.Cu
    @(111.5550 mm, 68.4750 mm): Pad 1 [B_+3V3] of U203 on F.Cu
[unconnected_items]: Missing connection between items
    Local override; error
    @(115.3650 mm, 80.4750 mm): Pad 4 [B_+3V3] of U205 on F.Cu
    @(113.4400 mm, 85.1100 mm): Pad 1 [B_+3V3] of C216 on F.Cu
[unconnected_items]: Missing connection between items
    Local override; error
    @(115.3650 mm, 104.4750 mm): Pad 4 [B_+3V3] of U204 on F.Cu
    @(113.4400 mm, 109.0500 mm): Pad 1 [B_+3V3] of C214 on F.Cu
[unconnected_items]: Missing connection between items
    Local override; error
    @(115.3650 mm, 104.4750 mm): Pad 4 [B_+3V3] of U204 on F.Cu
    @(113.4400 mm, 97.3300 mm): Pad 1 [B_+3V3] of C215 on F.Cu
[unconnected_items]: Missing connection between items
    Local override; error
    @(115.6750 mm, 87.1375 mm): Pad 13 [B_+3V3] of U202 on F.Cu
    @(113.7250 mm, 87.1375 mm): Pad 16 [B_+3V3] of U202 on F.Cu
[unconnected_items]: Missing connection between items
    Local override; error
    @(115.6750 mm, 111.1375 mm): Pad 13 [B_+3V3] of U201 on F.Cu
    @(113.7250 mm, 111.1375 mm): Pad 16 [B_+3V3] of U201 on F.Cu
[unconnected_items]: Missing connection between items
    Local override; error
    @(106.3500 mm, 102.5500 mm): Pad 1 [B_AX_5V_PIN] of TP229 on F.Cu
    @(102.7000 mm, 121.1750 mm): Pad 2 [B_AX_5V_PIN] of D206 on F.Cu
[unconnected_items]: Missing connection between items
    Local override; error
    @(124.1000 mm, 93.7500 mm): Pad 18 [B_AX_5V_PIN] of J203 on F.Cu
    @(106.3500 mm, 102.5500 mm): Pad 1 [B_AX_5V_PIN] of TP229 on F.Cu
[unconnected_items]: Missing connection between items
    Local override; error
    @(102.2000 mm, 125.6150 mm): Pad 1 [B_AX_CLK_N] of D204 on F.Cu
    @(112.1100 mm, 107.0000 mm): Pad 2 [B_AX_CLK_N] of R268 on F.Cu
[unconnected_items]: Missing connection between items
    Local override; error
    @(108.9500 mm, 95.2200 mm): Pad 1 [B_AX_CLK_N] of R216 on F.Cu
    @(111.5550 mm, 99.5250 mm): Pad 16 [B_AX_CLK_N] of U204 on F.Cu
[unconnected_items]: Missing connection between items
    Local override; error
    @(111.5550 mm, 99.5250 mm): Pad 16 [B_AX_CLK_N] of U204 on F.Cu
    @(112.1100 mm, 107.0000 mm): Pad 2 [B_AX_CLK_N] of R268 on F.Cu
[unconnected_items]: Missing connection between items
    Local override; error
    @(113.7250 mm, 92.8625 mm): Pad 1 [B_AX_CLK_N] of U202 on F.Cu
    @(108.9500 mm, 95.2200 mm): Pad 1 [B_AX_CLK_N] of R216 on F.Cu
[unconnected_items]: Missing connection between items
    Local override; error
    @(124.1000 mm, 90.7500 mm): Pad 12 [B_AX_CLK_N] of J203 on F.Cu
    @(113.7250 mm, 92.8625 mm): Pad 1 [B_AX_CLK_N] of U202 on F.Cu
[unconnected_items]: Missing connection between items
    Local override; error
    @(104.2000 mm, 127.8350 mm): Pad 5 [B_AX_CLK_P] of D203 on F.Cu
    @(112.1100 mm, 108.0200 mm): Pad 1 [B_AX_CLK_P] of R268 on F.Cu
[unconnected_items]: Missing connection between items
    Local override; error
    @(112.1100 mm, 108.0200 mm): Pad 1 [B_AX_CLK_P] of R268 on F.Cu
    @(112.8250 mm, 99.5250 mm): Pad 15 [B_AX_CLK_P] of U204 on F.Cu
[unconnected_items]: Missing connection between items
    Local override; error
    @(112.8250 mm, 99.5250 mm): Pad 15 [B_AX_CLK_P] of U204 on F.Cu
    @(108.9500 mm, 97.4800 mm): Pad 1 [B_AX_CLK_P] of R215 on F.Cu
[unconnected_items]: Missing connection between items
    Local override; error
    @(114.3750 mm, 92.8625 mm): Pad 2 [B_AX_CLK_P] of U202 on F.Cu
    @(112.8250 mm, 99.5250 mm): Pad 15 [B_AX_CLK_P] of U204 on F.Cu
[unconnected_items]: Missing connection between items
    Local override; error
    @(124.1000 mm, 89.7500 mm): Pad 10 [B_AX_CLK_P] of J203 on F.Cu
    @(114.3750 mm, 92.8625 mm): Pad 2 [B_AX_CLK_P] of U202 on F.Cu
[unconnected_items]: Missing connection between items
    Local override; error
    @(108.9500 mm, 99.7400 mm): Pad 1 [B_AX_D0_N] of R214 on F.Cu
    @(103.7000 mm, 125.6150 mm): Pad 4 [B_AX_D0_N] of D204 on F.Cu
[unconnected_items]: Missing connection between items
    Local override; error
    @(112.1100 mm, 96.2400 mm): Pad 2 [B_AX_D0_N] of R269 on F.Cu
    @(108.9500 mm, 99.7400 mm): Pad 1 [B_AX_D0_N] of R214 on F.Cu
[unconnected_items]: Missing connection between items
    Local override; error
    @(115.3650 mm, 99.5250 mm): Pad 13 [B_AX_D0_N] of U204 on F.Cu
    @(112.1100 mm, 96.2400 mm): Pad 2 [B_AX_D0_N] of R269 on F.Cu
[unconnected_items]: Missing connection between items
    Local override; error
    @(115.6750 mm, 92.8625 mm): Pad 4 [B_AX_D0_N] of U202 on F.Cu
    @(112.1100 mm, 96.2400 mm): Pad 2 [B_AX_D0_N] of R269 on F.Cu
[unconnected_items]: Missing connection between items
    Local override; error
    @(124.1000 mm, 89.2500 mm): Pad 9 [B_AX_D0_N] of J203 on F.Cu
    @(115.6750 mm, 92.8625 mm): Pad 4 [B_AX_D0_N] of U202 on F.Cu
[unconnected_items]: Missing connection between items
    Local override; error
    @(108.9500 mm, 102.0000 mm): Pad 1 [B_AX_D0_P] of R213 on F.Cu
    @(102.7000 mm, 125.6150 mm): Pad 2 [B_AX_D0_P] of D204 on F.Cu
[unconnected_items]: Missing connection between items
    Local override; error
    @(112.1100 mm, 97.2600 mm): Pad 1 [B_AX_D0_P] of R269 on F.Cu
    @(108.9500 mm, 102.0000 mm): Pad 1 [B_AX_D0_P] of R213 on F.Cu
[unconnected_items]: Missing connection between items
    Local override; error
    @(114.0950 mm, 99.5250 mm): Pad 14 [B_AX_D0_P] of U204 on F.Cu
    @(112.1100 mm, 97.2600 mm): Pad 1 [B_AX_D0_P] of R269 on F.Cu
[unconnected_items]: Missing connection between items
    Local override; error
    @(115.0250 mm, 92.8625 mm): Pad 3 [B_AX_D0_P] of U202 on F.Cu
    @(112.1100 mm, 97.2600 mm): Pad 1 [B_AX_D0_P] of R269 on F.Cu
[unconnected_items]: Missing connection between items
    Local override; error
    @(124.1000 mm, 88.2500 mm): Pad 7 [B_AX_D0_P] of J203 on F.Cu
    @(115.0250 mm, 92.8625 mm): Pad 3 [B_AX_D0_P] of U202 on F.Cu
[unconnected_items]: Missing connection between items
    Local override; error
    @(102.2000 mm, 123.3950 mm): Pad 1 [B_AX_D1_N] of D205 on F.Cu
    @(112.1100 mm, 93.9800 mm): Pad 2 [B_AX_D1_N] of R270 on F.Cu
[unconnected_items]: Missing connection between items
    Local override; error
    @(112.1100 mm, 93.9800 mm): Pad 2 [B_AX_D1_N] of R270 on F.Cu
    @(116.3250 mm, 92.8625 mm): Pad 5 [B_AX_D1_N] of U202 on F.Cu
[unconnected_items]: Missing connection between items
    Local override; error
    @(116.3250 mm, 92.8625 mm): Pad 5 [B_AX_D1_N] of U202 on F.Cu
    @(124.1000 mm, 87.7500 mm): Pad 6 [B_AX_D1_N] of J203 on F.Cu
[unconnected_items]: Missing connection between items
    Local override; error
    @(124.1000 mm, 87.7500 mm): Pad 6 [B_AX_D1_N] of J203 on F.Cu
    @(111.5550 mm, 75.5250 mm): Pad 16 [B_AX_D1_N] of U205 on F.Cu
[unconnected_items]: Missing connection between items
    Local override; error
    @(104.2000 mm, 125.6150 mm): Pad 5 [B_AX_D1_P] of D204 on F.Cu
    @(112.1100 mm, 95.0000 mm): Pad 1 [B_AX_D1_P] of R270 on F.Cu
[unconnected_items]: Missing connection between items
    Local override; error
    @(112.1100 mm, 95.0000 mm): Pad 1 [B_AX_D1_P] of R270 on F.Cu
    @(116.9750 mm, 92.8625 mm): Pad 6 [B_AX_D1_P] of U202 on F.Cu
[unconnected_items]: Missing connection between items
    Local override; error
    @(116.9750 mm, 92.8625 mm): Pad 6 [B_AX_D1_P] of U202 on F.Cu
    @(124.1000 mm, 86.7500 mm): Pad 4 [B_AX_D1_P] of J203 on F.Cu
[unconnected_items]: Missing connection between items
    Local override; error
    @(124.1000 mm, 86.7500 mm): Pad 4 [B_AX_D1_P] of J203 on F.Cu
    @(112.8250 mm, 75.5250 mm): Pad 15 [B_AX_D1_P] of U205 on F.Cu
[unconnected_items]: Missing connection between items
    Local override; error
    @(103.7000 mm, 123.3950 mm): Pad 4 [B_AX_D2_N] of D205 on F.Cu
    @(112.1100 mm, 91.7200 mm): Pad 2 [B_AX_D2_N] of R271 on F.Cu
[unconnected_items]: Missing connection between items
    Local override; error
    @(112.1100 mm, 91.7200 mm): Pad 2 [B_AX_D2_N] of R271 on F.Cu
    @(118.2750 mm, 92.8625 mm): Pad 8 [B_AX_D2_N] of U202 on F.Cu
[unconnected_items]: Missing connection between items
    Local override; error
    @(118.2750 mm, 92.8625 mm): Pad 8 [B_AX_D2_N] of U202 on F.Cu
    @(124.1000 mm, 86.2500 mm): Pad 3 [B_AX_D2_N] of J203 on F.Cu
[unconnected_items]: Missing connection between items
    Local override; error
    @(124.1000 mm, 86.2500 mm): Pad 3 [B_AX_D2_N] of J203 on F.Cu
    @(115.3650 mm, 75.5250 mm): Pad 13 [B_AX_D2_N] of U205 on F.Cu
[unconnected_items]: Missing connection between items
    Local override; error
    @(112.1100 mm, 92.7400 mm): Pad 1 [B_AX_D2_P] of R271 on F.Cu
    @(117.6250 mm, 92.8625 mm): Pad 7 [B_AX_D2_P] of U202 on F.Cu
[unconnected_items]: Missing connection between items
    Local override; error
    @(112.1100 mm, 92.7400 mm): Pad 1 [B_AX_D2_P] of R271 on F.Cu
    @(102.7000 mm, 123.3950 mm): Pad 2 [B_AX_D2_P] of D205 on F.Cu
[unconnected_items]: Missing connection between items
    Local override; error
    @(117.6250 mm, 92.8625 mm): Pad 7 [B_AX_D2_P] of U202 on F.Cu
    @(124.1000 mm, 85.2500 mm): Pad 1 [B_AX_D2_P] of J203 on F.Cu
[unconnected_items]: Missing connection between items
    Local override; error
    @(124.1000 mm, 85.2500 mm): Pad 1 [B_AX_D2_P] of J203 on F.Cu
    @(114.0950 mm, 75.5250 mm): Pad 14 [B_AX_D2_P] of U205 on F.Cu
[unconnected_items]: Missing connection between items
    Local override; error
    @(102.2000 mm, 121.1750 mm): Pad 1 [B_AX_HPD] of D206 on F.Cu
    @(106.3500 mm, 117.0500 mm): Pad 1 [B_AX_HPD] of TP224 on F.Cu
[unconnected_items]: Missing connection between items
    Local override; error
    @(106.3500 mm, 117.0500 mm): Pad 1 [B_AX_HPD] of TP224 on F.Cu
    @(124.1000 mm, 94.2500 mm): Pad 19 [B_AX_HPD] of J203 on F.Cu
[unconnected_items]: Missing connection between items
    Local override; error
    @(106.3500 mm, 111.2500 mm): Pad 1 [B_AX_SLOW] of TP226 on F.Cu
    @(104.2000 mm, 123.3950 mm): Pad 5 [B_AX_SLOW] of D205 on F.Cu
[unconnected_items]: Missing connection between items
    Local override; error
    @(124.1000 mm, 92.2500 mm): Pad 15 [B_AX_SLOW] of J203 on F.Cu
    @(106.3500 mm, 111.2500 mm): Pad 1 [B_AX_SLOW] of TP226 on F.Cu
[unconnected_items]: Missing connection between items
    Local override; error
    @(108.9500 mm, 72.6200 mm): Pad 1 [B_DRVI_AX_G1CLK] of R226 on F.Cu
    @(108.9500 mm, 73.8600 mm): Pad 2 [B_DRVI_AX_G1CLK] of R225 on F.Cu
[unconnected_items]: Missing connection between items
    Local override; error
    @(108.9500 mm, 73.8600 mm): Pad 2 [B_DRVI_AX_G1CLK] of R225 on F.Cu
    @(112.8250 mm, 104.4750 mm): Pad 2 [B_DRVI_AX_G1CLK] of U204 on F.Cu
[unconnected_items]: Missing connection between items
    Local override; error
    @(108.9500 mm, 67.1000 mm): Pad 1 [B_DRVI_AX_G1DAT] of R228 on F.Cu
    @(108.9500 mm, 68.8400 mm): Pad 2 [B_DRVI_AX_G1DAT] of R227 on F.Cu
[unconnected_items]: Missing connection between items
    Local override; error
    @(108.9500 mm, 68.8400 mm): Pad 2 [B_DRVI_AX_G1DAT] of R227 on F.Cu
    @(114.0950 mm, 104.4750 mm): Pad 3 [B_DRVI_AX_G1DAT] of U204 on F.Cu
[unconnected_items]: Missing connection between items
    Local override; error
    @(108.9500 mm, 61.5800 mm): Pad 1 [B_DRVI_AX_G2CLK] of R230 on F.Cu
    @(108.9500 mm, 63.3200 mm): Pad 2 [B_DRVI_AX_G2CLK] of R229 on F.Cu
[unconnected_items]: Missing connection between items
    Local override; error
    @(108.9500 mm, 63.3200 mm): Pad 2 [B_DRVI_AX_G2CLK] of R229 on F.Cu
    @(112.8250 mm, 80.4750 mm): Pad 2 [B_DRVI_AX_G2CLK] of U205 on F.Cu
[unconnected_items]: Missing connection between items
    Local override; error
    @(110.7700 mm, 132.8800 mm): Pad 1 [B_DRVI_AX_G2DAT] of R232 on F.Cu
    @(114.0950 mm, 80.4750 mm): Pad 3 [B_DRVI_AX_G2DAT] of U205 on F.Cu
[unconnected_items]: Missing connection between items
    Local override; error
    @(114.0950 mm, 80.4750 mm): Pad 3 [B_DRVI_AX_G2DAT] of U205 on F.Cu
    @(108.9500 mm, 57.8000 mm): Pad 2 [B_DRVI_AX_G2DAT] of R231 on F.Cu
[unconnected_items]: Missing connection between items
    Local override; error
    @(108.9500 mm, 86.1800 mm): Pad 1 [B_DRVI_R0] of R220 on F.Cu
    @(108.9500 mm, 87.4200 mm): Pad 2 [B_DRVI_R0] of R219 on F.Cu
[unconnected_items]: Missing connection between items
    Local override; error
    @(114.0950 mm, 68.4750 mm): Pad 3 [B_DRVI_R0] of U203 on F.Cu
    @(108.9500 mm, 86.1800 mm): Pad 1 [B_DRVI_R0] of R220 on F.Cu
[unconnected_items]: Missing connection between items
    Local override; error
    @(108.9500 mm, 81.6600 mm): Pad 1 [B_DRVI_R1] of R222 on F.Cu
    @(108.9500 mm, 82.9000 mm): Pad 2 [B_DRVI_R1] of R221 on F.Cu
[unconnected_items]: Missing connection between items
    Local override; error
    @(117.9050 mm, 68.4750 mm): Pad 6 [B_DRVI_R1] of U203 on F.Cu
    @(108.9500 mm, 81.6600 mm): Pad 1 [B_DRVI_R1] of R222 on F.Cu
[unconnected_items]: Missing connection between items
    Local override; error
    @(108.9500 mm, 77.1400 mm): Pad 1 [B_DRVI_R2] of R224 on F.Cu
    @(108.9500 mm, 78.3800 mm): Pad 2 [B_DRVI_R2] of R223 on F.Cu
[unconnected_items]: Missing connection between items
    Local override; error
    @(119.1750 mm, 68.4750 mm): Pad 7 [B_DRVI_R2] of U203 on F.Cu
    @(108.9500 mm, 77.1400 mm): Pad 1 [B_DRVI_R2] of R224 on F.Cu
[unconnected_items]: Missing connection between items
    Local override; error
    @(108.9500 mm, 90.7000 mm): Pad 1 [B_DRVI_REVCLK] of R218 on F.Cu
    @(112.8250 mm, 68.4750 mm): Pad 2 [B_DRVI_REVCLK] of U203 on F.Cu
[unconnected_items]: Missing connection between items
    Local override; error
    @(108.9500 mm, 91.9400 mm): Pad 2 [B_DRVI_REVCLK] of R217 on F.Cu
    @(108.9500 mm, 90.7000 mm): Pad 1 [B_DRVI_REVCLK] of R218 on F.Cu
[unconnected_items]: Missing connection between items
    Local override; error
    @(112.8250 mm, 68.4750 mm): Pad 2 [B_DRVI_REVCLK] of U203 on F.Cu
    @(103.2000 mm, 57.5700 mm): Pad 1 [B_DRVI_REVCLK] of TP216 on F.Cu
[unconnected_items]: Missing connection between items
    Local override; error
    @(124.1000 mm, 61.7500 mm): Pad 2 [B_GND] of J204 on F.Cu
    @(124.1000 mm, 63.2500 mm): Pad 5 [B_GND] of J204 on F.Cu
[unconnected_items]: Missing connection between items
    Local override; error
    @(124.1000 mm, 63.2500 mm): Pad 5 [B_GND] of J204 on F.Cu
    @(124.1000 mm, 64.7500 mm): Pad 8 [B_GND] of J204 on F.Cu
[unconnected_items]: Missing connection between items
    Local override; error
    @(124.1000 mm, 64.7500 mm): Pad 8 [B_GND] of J204 on F.Cu
    @(124.1000 mm, 66.2500 mm): Pad 11 [B_GND] of J204 on F.Cu
[unconnected_items]: Missing connection between items
    Local override; error
    @(124.1000 mm, 66.2500 mm): Pad 11 [B_GND] of J204 on F.Cu
    @(124.1000 mm, 69.2500 mm): Pad 17 [B_GND] of J204 on F.Cu
[unconnected_items]: Missing connection between items
    Local override; error
    @(124.1000 mm, 87.2500 mm): Pad 5 [B_GND] of J203 on F.Cu
    @(124.1000 mm, 85.7500 mm): Pad 2 [B_GND] of J203 on F.Cu
[unconnected_items]: Missing connection between items
    Local override; error
    @(124.1000 mm, 87.2500 mm): Pad 5 [B_GND] of J203 on F.Cu
    @(88.0000 mm, 135.0000 mm): Zone 'board B top ground fill' [B_GND] on F.Cu, priority 0
[unconnected_items]: Missing connection between items
    Local override; error
    @(124.1000 mm, 88.7500 mm): Pad 8 [B_GND] of J203 on F.Cu
    @(124.1000 mm, 87.2500 mm): Pad 5 [B_GND] of J203 on F.Cu
[unconnected_items]: Missing connection between items
    Local override; error
    @(124.1000 mm, 90.2500 mm): Pad 11 [B_GND] of J203 on F.Cu
    @(124.1000 mm, 88.7500 mm): Pad 8 [B_GND] of J203 on F.Cu
[unconnected_items]: Missing connection between items
    Local override; error
    @(124.1000 mm, 90.2500 mm): Pad 11 [B_GND] of J203 on F.Cu
    @(124.1000 mm, 93.2500 mm): Pad 17 [B_GND] of J203 on F.Cu
[unconnected_items]: Missing connection between items
    Local override; error
    @(124.1000 mm, 111.2500 mm): Pad 5 [B_GND] of J202 on F.Cu
    @(124.1000 mm, 109.7500 mm): Pad 2 [B_GND] of J202 on F.Cu
[unconnected_items]: Missing connection between items
    Local override; error
    @(124.1000 mm, 112.7500 mm): Pad 8 [B_GND] of J202 on F.Cu
    @(124.1000 mm, 111.2500 mm): Pad 5 [B_GND] of J202 on F.Cu
[unconnected_items]: Missing connection between items
    Local override; error
    @(124.1000 mm, 112.7500 mm): Pad 8 [B_GND] of J202 on F.Cu
    @(124.1000 mm, 114.2500 mm): Pad 11 [B_GND] of J202 on F.Cu
[unconnected_items]: Missing connection between items
    Local override; error
    @(124.1000 mm, 117.2500 mm): Pad 17 [B_GND] of J202 on F.Cu
    @(124.1000 mm, 114.2500 mm): Pad 11 [B_GND] of J202 on F.Cu
[unconnected_items]: Missing connection between items
    Local override; error
    @(88.0000 mm, 135.0000 mm): Zone 'board B top ground fill' [B_GND] on F.Cu, priority 0
    @(124.1000 mm, 69.2500 mm): Pad 17 [B_GND] of J204 on F.Cu
[unconnected_items]: Missing connection between items
    Local override; error
    @(88.0000 mm, 135.0000 mm): Zone 'board B top ground fill' [B_GND] on F.Cu, priority 0
    @(124.1000 mm, 109.7500 mm): Pad 2 [B_GND] of J202 on F.Cu
[unconnected_items]: Missing connection between items
    Local override; error
    @(106.3500 mm, 105.4500 mm): Pad 1 [B_I_5V_PIN] of TP228 on F.Cu
    @(103.7000 mm, 127.8350 mm): Pad 4 [B_I_5V_PIN] of D203 on F.Cu
[unconnected_items]: Missing connection between items
    Local override; error
    @(124.1000 mm, 117.7500 mm): Pad 18 [B_I_5V_PIN] of J202 on F.Cu
    @(106.3500 mm, 105.4500 mm): Pad 1 [B_I_5V_PIN] of TP228 on F.Cu
[unconnected_items]: Missing connection between items
    Local override; error
    @(102.7000 mm, 132.7750 mm): Pad 2 [B_I_CLK_N] of D201 on F.Cu
    @(108.9500 mm, 117.8200 mm): Pad 1 [B_I_CLK_N] of R206 on F.Cu
[unconnected_items]: Missing connection between items
    Local override; error
    @(108.9500 mm, 117.8200 mm): Pad 1 [B_I_CLK_N] of R206 on F.Cu
    @(124.1000 mm, 114.7500 mm): Pad 12 [B_I_CLK_N] of J202 on F.Cu
[unconnected_items]: Missing connection between items
    Local override; error
    @(110.7700 mm, 97.2600 mm): Pad 1 [B_I_CLK_N] of R247 on F.Cu
    @(108.9500 mm, 117.8200 mm): Pad 1 [B_I_CLK_N] of R206 on F.Cu
[unconnected_items]: Missing connection between items
    Local override; error
    @(112.1100 mm, 86.0300 mm): Pad 1 [B_I_CLK_N] of C203 on F.Cu
    @(110.7700 mm, 97.2600 mm): Pad 1 [B_I_CLK_N] of R247 on F.Cu
[unconnected_items]: Missing connection between items
    Local override; error
    @(102.2000 mm, 132.7750 mm): Pad 1 [B_I_CLK_P] of D201 on F.Cu
    @(108.9500 mm, 120.0800 mm): Pad 1 [B_I_CLK_P] of R205 on F.Cu
[unconnected_items]: Missing connection between items
    Local override; error
    @(110.7700 mm, 108.0200 mm): Pad 1 [B_I_CLK_P] of R246 on F.Cu
    @(108.9500 mm, 120.0800 mm): Pad 1 [B_I_CLK_P] of R205 on F.Cu
[unconnected_items]: Missing connection between items
    Local override; error
    @(112.1100 mm, 88.2500 mm): Pad 1 [B_I_CLK_P] of C202 on F.Cu
    @(110.7700 mm, 108.0200 mm): Pad 1 [B_I_CLK_P] of R246 on F.Cu
[unconnected_items]: Missing connection between items
    Local override; error
    @(124.1000 mm, 113.7500 mm): Pad 10 [B_I_CLK_P] of J202 on F.Cu
    @(110.7700 mm, 108.0200 mm): Pad 1 [B_I_CLK_P] of R246 on F.Cu
[unconnected_items]: Missing connection between items
    Local override; error
    @(110.7700 mm, 89.4600 mm): Pad 2 [B_I_CLK_RX_N] of R250 on F.Cu
    @(110.7700 mm, 93.9800 mm): Pad 2 [B_I_CLK_RX_N] of R248 on F.Cu
[unconnected_items]: Missing connection between items
    Local override; error
    @(110.7700 mm, 93.9800 mm): Pad 2 [B_I_CLK_RX_N] of R248 on F.Cu
    @(110.7700 mm, 96.2400 mm): Pad 2 [B_I_CLK_RX_N] of R247 on F.Cu
[unconnected_items]: Missing connection between items
    Local override; error
    @(110.7700 mm, 96.2400 mm): Pad 2 [B_I_CLK_RX_N] of R247 on F.Cu
    @(113.7250 mm, 116.8625 mm): Pad 1 [B_I_CLK_RX_N] of U201 on F.Cu
[unconnected_items]: Missing connection between items
    Local override; error
    @(112.1100 mm, 85.0700 mm): Pad 2 [B_I_CLK_RX_N] of C203 on F.Cu
    @(110.7700 mm, 89.4600 mm): Pad 2 [B_I_CLK_RX_N] of R250 on F.Cu
[unconnected_items]: Missing connection between items
    Local override; error
    @(110.7700 mm, 91.7200 mm): Pad 2 [B_I_CLK_RX_P] of R249 on F.Cu
    @(110.7700 mm, 95.0000 mm): Pad 1 [B_I_CLK_RX_P] of R248 on F.Cu
[unconnected_items]: Missing connection between items
    Local override; error
    @(110.7700 mm, 95.0000 mm): Pad 1 [B_I_CLK_RX_P] of R248 on F.Cu
    @(110.7700 mm, 107.0000 mm): Pad 2 [B_I_CLK_RX_P] of R246 on F.Cu
[unconnected_items]: Missing connection between items
    Local override; error
    @(110.7700 mm, 107.0000 mm): Pad 2 [B_I_CLK_RX_P] of R246 on F.Cu
    @(114.3750 mm, 116.8625 mm): Pad 2 [B_I_CLK_RX_P] of U201 on F.Cu
[unconnected_items]: Missing connection between items
    Local override; error
    @(112.1100 mm, 87.2900 mm): Pad 2 [B_I_CLK_RX_P] of C202 on F.Cu
    @(110.7700 mm, 91.7200 mm): Pad 2 [B_I_CLK_RX_P] of R249 on F.Cu
[unconnected_items]: Missing connection between items
    Local override; error
    @(108.9500 mm, 113.3000 mm): Pad 1 [B_I_D0_N] of R208 on F.Cu
    @(104.2000 mm, 132.7750 mm): Pad 5 [B_I_D0_N] of D201 on F.Cu
[unconnected_items]: Missing connection between items
    Local override; error
    @(110.7700 mm, 85.9600 mm): Pad 1 [B_I_D0_N] of R252 on F.Cu
    @(108.9500 mm, 113.3000 mm): Pad 1 [B_I_D0_N] of R208 on F.Cu
[unconnected_items]: Missing connection between items
    Local override; error
    @(112.1100 mm, 73.0900 mm): Pad 1 [B_I_D0_N] of C205 on F.Cu
    @(110.7700 mm, 85.9600 mm): Pad 1 [B_I_D0_N] of R252 on F.Cu
[unconnected_items]: Missing connection between items
    Local override; error
    @(124.1000 mm, 113.2500 mm): Pad 9 [B_I_D0_N] of J202 on F.Cu
    @(108.9500 mm, 113.3000 mm): Pad 1 [B_I_D0_N] of R208 on F.Cu
[unconnected_items]: Missing connection between items
    Local override; error
    @(103.7000 mm, 132.7750 mm): Pad 4 [B_I_D0_P] of D201 on F.Cu
    @(108.9500 mm, 115.5600 mm): Pad 1 [B_I_D0_P] of R207 on F.Cu
[unconnected_items]: Missing connection between items
    Local override; error
    @(108.9500 mm, 115.5600 mm): Pad 1 [B_I_D0_P] of R207 on F.Cu
    @(124.1000 mm, 112.2500 mm): Pad 7 [B_I_D0_P] of J202 on F.Cu
[unconnected_items]: Missing connection between items
    Local override; error
    @(110.7700 mm, 88.2200 mm): Pad 1 [B_I_D0_P] of R251 on F.Cu
    @(108.9500 mm, 115.5600 mm): Pad 1 [B_I_D0_P] of R207 on F.Cu
[unconnected_items]: Missing connection between items
    Local override; error
    @(112.1100 mm, 83.8100 mm): Pad 1 [B_I_D0_P] of C204 on F.Cu
    @(110.7700 mm, 88.2200 mm): Pad 1 [B_I_D0_P] of R251 on F.Cu
[unconnected_items]: Missing connection between items
    Local override; error
    @(110.7700 mm, 82.6800 mm): Pad 2 [B_I_D0_RX_N] of R253 on F.Cu
    @(110.7700 mm, 84.9400 mm): Pad 2 [B_I_D0_RX_N] of R252 on F.Cu
[unconnected_items]: Missing connection between items
    Local override; error
    @(110.7700 mm, 84.9400 mm): Pad 2 [B_I_D0_RX_N] of R252 on F.Cu
    @(115.6750 mm, 116.8625 mm): Pad 4 [B_I_D0_RX_N] of U201 on F.Cu
[unconnected_items]: Missing connection between items
    Local override; error
    @(112.1100 mm, 72.1300 mm): Pad 2 [B_I_D0_RX_N] of C205 on F.Cu
    @(110.7700 mm, 82.6800 mm): Pad 2 [B_I_D0_RX_N] of R253 on F.Cu
[unconnected_items]: Missing connection between items
    Local override; error
    @(112.1100 mm, 72.1300 mm): Pad 2 [B_I_D0_RX_N] of C205 on F.Cu
    @(110.7700 mm, 60.1600 mm): Pad 2 [B_I_D0_RX_N] of R255 on F.Cu
[unconnected_items]: Missing connection between items
    Local override; error
    @(110.7700 mm, 83.7000 mm): Pad 1 [B_I_D0_RX_P] of R253 on F.Cu
    @(110.7700 mm, 87.2000 mm): Pad 2 [B_I_D0_RX_P] of R251 on F.Cu
[unconnected_items]: Missing connection between items
    Local override; error
    @(110.7700 mm, 87.2000 mm): Pad 2 [B_I_D0_RX_P] of R251 on F.Cu
    @(115.0250 mm, 116.8625 mm): Pad 3 [B_I_D0_RX_P] of U201 on F.Cu
[unconnected_items]: Missing connection between items
    Local override; error
    @(112.1100 mm, 82.8500 mm): Pad 2 [B_I_D0_RX_P] of C204 on F.Cu
    @(110.7700 mm, 83.7000 mm): Pad 1 [B_I_D0_RX_P] of R253 on F.Cu
[unconnected_items]: Missing connection between items
    Local override; error
    @(112.1100 mm, 82.8500 mm): Pad 2 [B_I_D0_RX_P] of C204 on F.Cu
    @(110.7700 mm, 72.4200 mm): Pad 2 [B_I_D0_RX_P] of R254 on F.Cu
[unconnected_items]: Missing connection between items
    Local override; error
    @(102.7000 mm, 130.0550 mm): Pad 2 [B_I_D1_N] of D202 on F.Cu
    @(112.1100 mm, 132.8800 mm): Pad 1 [B_I_D1_N] of R257 on F.Cu
[unconnected_items]: Missing connection between items
    Local override; error
    @(108.9500 mm, 108.7800 mm): Pad 1 [B_I_D1_N] of R210 on F.Cu
    @(102.7000 mm, 130.0550 mm): Pad 2 [B_I_D1_N] of D202 on F.Cu
[unconnected_items]: Missing connection between items
    Local override; error
    @(112.1100 mm, 59.1500 mm): Pad 1 [B_I_D1_N] of C207 on F.Cu
    @(108.9500 mm, 108.7800 mm): Pad 1 [B_I_D1_N] of R210 on F.Cu
[unconnected_items]: Missing connection between items
    Local override; error
    @(124.1000 mm, 111.7500 mm): Pad 6 [B_I_D1_N] of J202 on F.Cu
    @(108.9500 mm, 108.7800 mm): Pad 1 [B_I_D1_N] of R210 on F.Cu
[unconnected_items]: Missing connection between items
    Local override; error
    @(108.9500 mm, 111.0400 mm): Pad 1 [B_I_D1_P] of R209 on F.Cu
    @(102.2000 mm, 130.0550 mm): Pad 1 [B_I_D1_P] of D202 on F.Cu
[unconnected_items]: Missing connection between items
    Local override; error
    @(112.1100 mm, 61.3700 mm): Pad 1 [B_I_D1_P] of C206 on F.Cu
    @(110.7700 mm, 58.4200 mm): Pad 1 [B_I_D1_P] of R256 on F.Cu
[unconnected_items]: Missing connection between items
    Local override; error
    @(112.1100 mm, 61.3700 mm): Pad 1 [B_I_D1_P] of C206 on F.Cu
    @(108.9500 mm, 111.0400 mm): Pad 1 [B_I_D1_P] of R209 on F.Cu
[unconnected_items]: Missing connection between items
    Local override; error
    @(124.1000 mm, 110.7500 mm): Pad 4 [B_I_D1_P] of J202 on F.Cu
    @(108.9500 mm, 111.0400 mm): Pad 1 [B_I_D1_P] of R209 on F.Cu
[unconnected_items]: Missing connection between items
    Local override; error
    @(112.1100 mm, 125.0800 mm): Pad 2 [B_I_D1_RX_N] of R260 on F.Cu
    @(112.1100 mm, 129.6000 mm): Pad 2 [B_I_D1_RX_N] of R258 on F.Cu
[unconnected_items]: Missing connection between items
    Local override; error
    @(112.1100 mm, 129.6000 mm): Pad 2 [B_I_D1_RX_N] of R258 on F.Cu
    @(112.1100 mm, 131.8600 mm): Pad 2 [B_I_D1_RX_N] of R257 on F.Cu
[unconnected_items]: Missing connection between items
    Local override; error
    @(116.3250 mm, 116.8625 mm): Pad 5 [B_I_D1_RX_N] of U201 on F.Cu
    @(112.1100 mm, 125.0800 mm): Pad 2 [B_I_D1_RX_N] of R260 on F.Cu
[unconnected_items]: Missing connection between items
    Local override; error
    @(116.3250 mm, 116.8625 mm): Pad 5 [B_I_D1_RX_N] of U201 on F.Cu
    @(112.1100 mm, 58.1900 mm): Pad 2 [B_I_D1_RX_N] of C207 on F.Cu
[unconnected_items]: Missing connection between items
    Local override; error
    @(112.1100 mm, 60.4100 mm): Pad 2 [B_I_D1_RX_P] of C206 on F.Cu
    @(110.7700 mm, 57.4000 mm): Pad 2 [B_I_D1_RX_P] of R256 on F.Cu
[unconnected_items]: Missing connection between items
    Local override; error
    @(112.1100 mm, 127.3400 mm): Pad 2 [B_I_D1_RX_P] of R259 on F.Cu
    @(112.1100 mm, 130.6200 mm): Pad 1 [B_I_D1_RX_P] of R258 on F.Cu
[unconnected_items]: Missing connection between items
    Local override; error
    @(116.9750 mm, 116.8625 mm): Pad 6 [B_I_D1_RX_P] of U201 on F.Cu
    @(112.1100 mm, 127.3400 mm): Pad 2 [B_I_D1_RX_P] of R259 on F.Cu
[unconnected_items]: Missing connection between items
    Local override; error
    @(116.9750 mm, 116.8625 mm): Pad 6 [B_I_D1_RX_P] of U201 on F.Cu
    @(112.1100 mm, 60.4100 mm): Pad 2 [B_I_D1_RX_P] of C206 on F.Cu
[unconnected_items]: Missing connection between items
    Local override; error
    @(104.2000 mm, 130.0550 mm): Pad 5 [B_I_D2_N] of D202 on F.Cu
    @(113.4400 mm, 130.1500 mm): Pad 1 [B_I_D2_N] of C209 on F.Cu
[unconnected_items]: Missing connection between items
    Local override; error
    @(113.4400 mm, 130.1500 mm): Pad 1 [B_I_D2_N] of C209 on F.Cu
    @(112.1100 mm, 121.5800 mm): Pad 1 [B_I_D2_N] of R262 on F.Cu
[unconnected_items]: Missing connection between items
    Local override; error
    @(124.1000 mm, 110.2500 mm): Pad 3 [B_I_D2_N] of J202 on F.Cu
    @(108.9500 mm, 104.2600 mm): Pad 1 [B_I_D2_N] of R212 on F.Cu
[unconnected_items]: Missing connection between items
    Local override; error
    @(124.1000 mm, 110.2500 mm): Pad 3 [B_I_D2_N] of J202 on F.Cu
    @(112.1100 mm, 121.5800 mm): Pad 1 [B_I_D2_N] of R262 on F.Cu
[unconnected_items]: Missing connection between items
    Local override; error
    @(103.7000 mm, 130.0550 mm): Pad 4 [B_I_D2_P] of D202 on F.Cu
    @(113.4400 mm, 132.8700 mm): Pad 1 [B_I_D2_P] of C208 on F.Cu
[unconnected_items]: Missing connection between items
    Local override; error
    @(112.1100 mm, 123.8400 mm): Pad 1 [B_I_D2_P] of R261 on F.Cu
    @(108.9500 mm, 106.5200 mm): Pad 1 [B_I_D2_P] of R211 on F.Cu
[unconnected_items]: Missing connection between items
    Local override; error
    @(113.4400 mm, 132.8700 mm): Pad 1 [B_I_D2_P] of C208 on F.Cu
    @(112.1100 mm, 123.8400 mm): Pad 1 [B_I_D2_P] of R261 on F.Cu
[unconnected_items]: Missing connection between items
    Local override; error
    @(124.1000 mm, 109.2500 mm): Pad 1 [B_I_D2_P] of J202 on F.Cu
    @(108.9500 mm, 106.5200 mm): Pad 1 [B_I_D2_P] of R211 on F.Cu
[unconnected_items]: Missing connection between items
    Local override; error
    @(112.1100 mm, 113.7800 mm): Pad 2 [B_I_D2_RX_N] of R265 on F.Cu
    @(112.1100 mm, 118.3000 mm): Pad 2 [B_I_D2_RX_N] of R263 on F.Cu
[unconnected_items]: Missing connection between items
    Local override; error
    @(112.1100 mm, 118.3000 mm): Pad 2 [B_I_D2_RX_N] of R263 on F.Cu
    @(112.1100 mm, 120.5600 mm): Pad 2 [B_I_D2_RX_N] of R262 on F.Cu
[unconnected_items]: Missing connection between items
    Local override; error
    @(112.1100 mm, 120.5600 mm): Pad 2 [B_I_D2_RX_N] of R262 on F.Cu
    @(113.4400 mm, 129.1900 mm): Pad 2 [B_I_D2_RX_N] of C209 on F.Cu
[unconnected_items]: Missing connection between items
    Local override; error
    @(118.2750 mm, 116.8625 mm): Pad 8 [B_I_D2_RX_N] of U201 on F.Cu
    @(112.1100 mm, 118.3000 mm): Pad 2 [B_I_D2_RX_N] of R263 on F.Cu
[unconnected_items]: Missing connection between items
    Local override; error
    @(112.1100 mm, 116.0400 mm): Pad 2 [B_I_D2_RX_P] of R264 on F.Cu
    @(112.1100 mm, 119.3200 mm): Pad 1 [B_I_D2_RX_P] of R263 on F.Cu
[unconnected_items]: Missing connection between items
    Local override; error
    @(112.1100 mm, 119.3200 mm): Pad 1 [B_I_D2_RX_P] of R263 on F.Cu
    @(112.1100 mm, 122.8200 mm): Pad 2 [B_I_D2_RX_P] of R261 on F.Cu

** Found 0 Footprint errors **

** Ignored checks **
    - Footprint has no courtyard defined
    - Track endpoint not centered on via
    - Tuning profile track geometries
    - Footprint doesn't match symbol's footprint filters
    - Footprint component type doesn't match footprint pads

** End of Report **
